Sender_ID,Receiver_Acct,Tx_Amount
U_972,M_113,492.06
U_398,M_136,9.69
U_695,M_94,300.75
U_609,M_39,670.9
U_24,M_14,751.11
U_169,FRAUD_ACT_1_48,1472.98
U_654,U_571,596.06
U_338,M_171,526.1
U_233,U_997,596.26
U_934,M_124,17.51
U_394,M_122,640.92
U_611,M_87,141.9
U_179,M_23,49.65
U_489,FRAUD_ACT_0_27,1772.31
U_781,FRAUD_ACT_2_43,1308.85
U_216,FRAUD_ACT_1_6,533.16
U_808,M_156,724.93
U_956,M_99,689.35
U_875,M_175,297.03
U_508,FRAUD_ACT_0_15,1792.22
U_140,M_54,612.56
U_916,M_23,515.28
U_958,U_464,738.54
U_393,M_155,733.15
U_533,M_76,223.75
U_846,M_149,246.61
U_236,M_48,158.53
U_419,M_28,81.52
U_646,FRAUD_ACT_0_22,770.93
U_533,M_185,544.17
U_671,M_20,377.11
U_751,FRAUD_ACT_0_46,1832.38
U_925,U_849,518.65
U_769,M_80,569.32
U_493,U_283,514.27
U_589,M_25,578.05
U_616,U_777,526.13
U_699,M_48,401.7
U_324,FRAUD_ACT_0_2,879.93
U_717,M_46,640.5
U_258,FRAUD_ACT_2_21,1425.22
FRAUD_ACT_0_36,MULE_HUB_CRITICAL_0,5152.47
FRAUD_ACT_2_10,MULE_HUB_CRITICAL_2,4675.8
U_466,M_158,739.68
U_772,FRAUD_ACT_1_26,947.02
U_869,M_138,268.73
U_369,FRAUD_ACT_0_38,1867.23
U_66,FRAUD_ACT_2_27,1608.76
U_140,U_302,676.32
U_97,FRAUD_ACT_0_34,1202.6
U_513,M_139,463.2
U_462,M_10,702.84
U_291,M_136,648.0
U_502,M_4,78.98
U_946,FRAUD_ACT_2_42,435.43
U_524,U_586,121.76
U_739,M_81,58.4
U_263,FRAUD_ACT_2_2,363.85
FRAUD_ACT_1_40,MULE_HUB_CRITICAL_1,8874.49
U_102,U_126,473.71
U_54,FRAUD_ACT_0_40,540.06
U_965,FRAUD_ACT_1_19,1988.78
U_0,M_169,123.63
U_434,M_106,115.96
U_603,M_20,319.63
U_262,M_184,6.02
U_286,M_192,463.45
U_887,M_12,211.82
U_663,U_738,708.49
U_658,U_797,549.32
U_852,FRAUD_ACT_2_26,297.98
U_817,U_676,693.83
U_838,M_134,548.16
U_313,M_39,454.61
U_874,U_205,277.42
U_461,M_110,256.54
U_860,M_42,70.72
U_53,M_165,271.05
U_36,M_0,661.6
U_144,M_4,379.62
U_196,M_64,654.71
U_591,M_175,184.34
U_464,M_20,482.97
U_656,FRAUD_ACT_1_29,471.71
U_588,U_266,298.89
U_361,FRAUD_ACT_2_15,1949.67
U_244,U_88,740.08
U_44,FRAUD_ACT_2_39,1955.56
U_794,M_58,578.51
U_833,M_97,265.29
FRAUD_ACT_0_12,MULE_HUB_CRITICAL_0,14565.44
U_509,U_204,623.48
U_341,M_163,173.81
U_881,M_57,729.63
U_133,M_123,449.64
U_333,M_66,153.79
U_56,M_172,294.37
U_454,M_192,600.09
U_702,U_152,649.86
U_433,FRAUD_ACT_2_24,1924.0
U_339,M_90,57.64
U_372,M_111,204.85
U_376,FRAUD_ACT_0_18,1678.46
U_204,FRAUD_ACT_0_25,1330.93
U_376,M_56,766.1
U_475,FRAUD_ACT_2_5,1195.62
U_701,M_120,383.35
U_923,FRAUD_ACT_0_1,958.11
U_388,M_44,494.33
U_566,FRAUD_ACT_1_30,1772.38
U_143,M_63,10.43
U_123,M_144,627.2
U_906,M_25,667.79
U_424,M_129,217.4
U_426,M_197,383.43
U_792,M_175,342.25
U_545,M_90,542.32
U_846,M_77,220.81
U_501,M_163,254.16
FRAUD_ACT_1_16,MULE_HUB_CRITICAL_1,13241.45
U_175,FRAUD_ACT_1_7,1380.44
U_117,M_137,601.95
U_744,M_88,532.65
U_803,M_108,558.79
U_572,M_57,26.34
U_139,M_154,758.09
U_67,M_151,606.11
U_223,M_27,730.52
U_214,M_27,459.24
U_892,FRAUD_ACT_1_6,1658.01
U_744,M_66,53.83
U_109,U_363,785.13
U_683,U_314,131.97
U_272,FRAUD_ACT_0_31,718.33
FRAUD_ACT_2_8,MULE_HUB_CRITICAL_2,10836.71
U_934,FRAUD_ACT_2_39,1577.96
U_295,M_31,42.96
U_607,U_64,100.99
U_538,M_129,445.55
U_487,M_24,362.63
U_35,FRAUD_ACT_0_19,1714.65
FRAUD_ACT_1_10,MULE_HUB_CRITICAL_1,6611.01
U_788,M_65,133.76
U_166,M_45,616.48
U_946,U_947,227.9
U_224,M_64,158.5
U_394,M_119,425.65
U_806,U_457,424.9
U_785,M_185,454.18
U_955,FRAUD_ACT_2_9,1859.26
U_475,M_77,383.63
U_874,U_57,316.15
U_507,M_102,651.78
U_83,FRAUD_ACT_0_45,1028.42
U_271,M_23,130.3
U_858,U_99,723.21
U_12,M_89,249.93
U_359,FRAUD_ACT_2_9,1716.39
U_384,M_18,379.44
U_717,M_92,409.46
U_330,M_97,657.11
U_59,M_120,425.9
U_432,FRAUD_ACT_0_1,1222.49
U_520,U_190,59.47
U_510,M_1,488.35
U_95,M_108,409.25
U_528,M_14,414.64
U_553,M_23,741.46
U_419,M_10,440.77
U_948,M_92,769.51
U_118,M_155,48.75
U_169,M_155,341.39
U_655,M_72,207.26
U_83,FRAUD_ACT_2_45,1612.4
FRAUD_ACT_2_47,MULE_HUB_CRITICAL_2,7750.8
U_396,M_86,544.72
U_714,M_58,751.05
U_769,M_2,369.34
U_275,FRAUD_ACT_0_45,1269.57
U_314,M_24,367.67
U_251,M_101,787.15
U_393,FRAUD_ACT_0_20,756.68
U_23,M_189,432.71
U_259,FRAUD_ACT_0_36,1108.18
U_718,U_711,550.16
U_254,M_113,201.49
U_797,M_6,679.07
U_593,M_33,76.66
U_367,M_92,412.69
U_701,M_193,584.15
U_166,M_45,705.73
U_587,M_18,252.55
U_151,M_36,620.62
U_40,M_112,449.42
U_595,M_141,427.08
U_848,M_129,165.71
U_442,FRAUD_ACT_2_28,318.42
U_71,M_121,751.57
U_806,FRAUD_ACT_1_27,610.73
U_422,M_131,118.25
U_245,FRAUD_ACT_0_48,1937.09
U_792,M_68,584.4
U_128,U_486,757.74
U_65,FRAUD_ACT_1_20,807.92
U_843,M_169,173.62
U_129,FRAUD_ACT_2_31,1347.25
U_27,FRAUD_ACT_1_10,576.61
U_923,M_91,53.14
FRAUD_ACT_2_25,MULE_HUB_CRITICAL_2,14505.63
U_253,M_173,317.2
U_37,M_92,562.8
FRAUD_ACT_2_24,MULE_HUB_CRITICAL_2,4160.71
U_734,M_22,63.23
U_313,FRAUD_ACT_2_48,965.04
U_133,M_67,133.46
U_164,M_131,122.14
U_384,M_183,162.67
U_842,M_95,91.14
FRAUD_ACT_1_38,MULE_HUB_CRITICAL_1,11539.69
U_340,M_45,254.16
U_973,U_846,627.15
U_137,M_99,392.53
U_140,M_59,59.03
U_341,FRAUD_ACT_2_26,1135.42
U_520,M_45,555.0
U_141,M_13,514.74
U_614,M_16,214.16
U_316,M_134,728.1
U_371,FRAUD_ACT_0_18,1055.4
U_52,FRAUD_ACT_1_12,800.93
U_125,M_63,117.0
U_792,M_162,222.29
U_575,M_106,448.04
U_693,M_189,97.14
U_941,U_216,721.51
U_281,M_73,138.73
U_391,M_44,286.38
U_415,M_144,511.91
U_737,M_19,459.37
U_712,U_301,376.23
U_402,M_61,176.04
U_953,FRAUD_ACT_0_15,1145.47
U_916,M_113,476.2
U_916,FRAUD_ACT_2_13,1453.68
U_379,FRAUD_ACT_2_16,1885.25
U_248,FRAUD_ACT_2_32,447.81
U_535,FRAUD_ACT_2_20,1512.02
FRAUD_ACT_2_12,MULE_HUB_CRITICAL_2,11302.14
U_392,M_192,217.26
U_915,M_159,218.31
U_543,FRAUD_ACT_0_5,1055.48
U_890,M_157,798.53
U_230,M_68,405.33
U_59,M_138,53.46
U_422,U_70,150.01
U_169,M_52,651.76
U_682,M_189,144.64
U_99,M_90,341.75
U_693,M_46,254.05
U_80,M_169,396.67
U_875,U_608,408.12
U_831,M_163,731.95
U_728,M_91,320.01
U_683,FRAUD_ACT_1_46,1008.33
U_404,M_197,644.67
U_190,M_72,219.01
U_338,M_83,365.36
U_433,M_89,369.9
U_831,FRAUD_ACT_0_22,1580.13
U_606,FRAUD_ACT_0_0,352.9
U_785,U_702,269.96
U_662,FRAUD_ACT_1_25,854.73
U_835,M_188,49.45
U_953,M_79,187.34
FRAUD_ACT_2_2,MULE_HUB_CRITICAL_2,4850.73
U_825,FRAUD_ACT_0_16,1547.07
U_436,FRAUD_ACT_2_49,1012.07
U_211,FRAUD_ACT_0_32,1280.15
U_627,M_145,59.33
U_687,M_76,677.11
U_781,M_185,515.15
U_285,M_57,753.48
U_898,M_134,513.63
U_486,FRAUD_ACT_0_18,1428.93
U_21,M_172,658.03
U_377,M_144,628.68
U_963,FRAUD_ACT_0_23,1085.05
U_392,M_8,486.05
U_387,M_11,615.77
U_216,M_20,129.86
U_51,M_98,692.01
U_442,FRAUD_ACT_2_49,936.11
U_348,FRAUD_ACT_1_34,1562.68
U_697,FRAUD_ACT_0_44,1966.4
U_166,M_199,772.11
U_724,M_112,421.63
FRAUD_ACT_1_29,MULE_HUB_CRITICAL_1,10579.29
U_699,U_985,143.17
U_384,U_490,632.04
U_775,M_48,19.24
U_971,M_136,190.76
U_602,FRAUD_ACT_2_19,430.84
U_320,FRAUD_ACT_0_16,792.71
U_173,FRAUD_ACT_0_37,1106.74
U_969,FRAUD_ACT_0_30,1221.04
U_249,M_174,709.1
U_605,M_161,600.38
U_163,M_108,479.15
FRAUD_ACT_1_23,MULE_HUB_CRITICAL_1,5004.56
U_165,M_10,795.05
U_835,FRAUD_ACT_2_14,1408.9
U_990,M_81,535.93
U_827,FRAUD_ACT_2_17,1492.06
U_174,M_41,586.93
U_684,M_7,397.97
U_117,M_55,374.7
U_282,U_151,399.58
U_497,M_194,428.5
U_899,U_118,712.32
U_951,U_668,748.35
U_571,M_147,180.72
U_934,M_59,371.61
U_575,M_31,331.59
U_69,M_187,527.4
U_171,M_149,100.12
U_650,M_91,680.83
U_402,FRAUD_ACT_1_5,281.47
U_80,M_197,270.84
U_206,FRAUD_ACT_1_12,730.7
U_710,U_219,56.06
U_848,U_997,615.68
U_823,FRAUD_ACT_1_9,744.78
U_103,M_82,113.48
U_210,M_8,534.11
FRAUD_ACT_0_47,MULE_HUB_CRITICAL_0,6061.97
U_196,U_584,515.19
U_589,U_713,310.26
U_699,M_121,213.79
U_634,M_198,498.06
U_502,U_782,733.23
U_204,U_359,28.26
U_525,FRAUD_ACT_2_32,1927.53
FRAUD_ACT_1_46,MULE_HUB_CRITICAL_1,13396.15
U_641,M_142,399.02
U_913,M_85,372.66
U_388,FRAUD_ACT_2_41,1378.76
FRAUD_ACT_2_44,MULE_HUB_CRITICAL_2,10008.99
U_237,M_72,563.88
U_469,M_137,123.42
U_539,FRAUD_ACT_1_2,1333.21
U_818,M_102,595.93
U_167,M_27,465.05
U_911,M_76,787.59
U_349,FRAUD_ACT_1_6,1940.1
U_601,U_989,107.58
U_269,M_120,767.03
U_296,FRAUD_ACT_1_43,272.51
U_104,M_35,101.56
U_469,FRAUD_ACT_1_27,1913.31
U_968,U_504,97.32
U_598,M_5,686.1
U_46,M_18,289.37
U_879,M_81,503.31
U_800,M_86,500.49
U_384,M_174,470.77
U_307,FRAUD_ACT_1_2,467.49
U_849,FRAUD_ACT_1_12,1700.91
U_161,M_184,262.88
U_294,FRAUD_ACT_1_16,1507.18
U_774,U_736,355.89
U_965,U_101,591.55
U_529,M_199,443.29
U_623,FRAUD_ACT_2_13,1057.75
U_758,M_11,687.66
U_2,M_76,670.79
U_464,FRAUD_ACT_0_45,1331.04
U_939,M_116,111.0
U_803,FRAUD_ACT_0_18,1886.55
U_411,M_11,35.94
FRAUD_ACT_2_5,MULE_HUB_CRITICAL_2,7889.93
U_606,FRAUD_ACT_1_34,665.64
U_943,M_191,704.06
U_993,FRAUD_ACT_2_20,1447.37
U_649,U_693,710.15
U_565,U_573,343.96
U_275,M_131,20.94
U_31,M_51,672.19
U_674,M_87,287.34
FRAUD_ACT_0_0,MULE_HUB_CRITICAL_0,5037.35
U_405,M_157,768.29
U_661,FRAUD_ACT_2_13,1860.06
U_885,M_190,779.01
U_422,M_77,13.39
U_374,M_50,483.96
MULE_HUB_CRITICAL_2,SHELL_CORP_2,97553.06
U_617,FRAUD_ACT_2_33,817.22
U_409,M_167,551.66
U_38,M_183,402.41
U_867,FRAUD_ACT_0_26,1269.23
FRAUD_ACT_0_35,MULE_HUB_CRITICAL_0,3546.14
U_543,M_107,365.65
U_788,M_37,285.73
U_342,FRAUD_ACT_2_23,347.26
U_103,FRAUD_ACT_2_6,643.37
U_516,U_442,235.38
U_969,M_112,372.04
U_866,M_93,768.64
U_33,M_89,690.45
U_839,M_3,425.43
U_693,FRAUD_ACT_1_20,485.49
U_623,M_66,422.69
U_821,M_103,530.12
U_710,M_78,362.8
U_66,M_18,463.73
FRAUD_ACT_0_3,MULE_HUB_CRITICAL_0,3903.85
U_70,FRAUD_ACT_2_35,814.79
FRAUD_ACT_0_30,MULE_HUB_CRITICAL_0,11083.32
U_890,U_673,323.62
U_617,M_85,69.79
U_985,U_298,354.45
U_826,M_76,365.57
U_847,FRAUD_ACT_1_20,1747.03
U_498,U_7,147.63
U_115,M_163,477.17
U_36,M_152,600.79
FRAUD_ACT_2_33,MULE_HUB_CRITICAL_2,9212.17
U_86,M_44,36.12
U_312,M_58,182.22
U_648,M_74,440.41
U_953,U_321,286.06
U_706,M_114,38.67
U_74,U_779,472.13
U_134,U_808,631.8
U_41,M_124,189.24
U_903,M_172,379.12
U_29,M_186,778.89
U_511,FRAUD_ACT_0_38,1769.02
U_679,U_358,251.63
U_832,U_66,162.21
U_279,FRAUD_ACT_2_12,642.67
FRAUD_ACT_2_3,MULE_HUB_CRITICAL_2,6840.5
U_366,FRAUD_ACT_2_15,896.15
U_661,FRAUD_ACT_0_10,489.05
U_551,FRAUD_ACT_1_10,543.65
U_828,M_49,297.43
U_123,M_80,100.05
U_498,U_647,353.2
U_603,FRAUD_ACT_0_17,300.67
FRAUD_ACT_0_29,MULE_HUB_CRITICAL_0,4791.01
U_367,M_179,239.71
U_949,M_178,390.35
U_479,FRAUD_ACT_1_2,987.24
U_178,FRAUD_ACT_2_40,811.67
U_818,M_47,295.81
U_601,U_268,176.52
U_83,M_7,258.35
U_309,M_29,116.12
U_190,M_110,319.49
U_152,M_7,274.63
U_152,M_94,468.1
U_120,M_96,525.36
U_620,FRAUD_ACT_2_18,576.36
U_697,M_146,758.82
U_348,U_470,609.56
U_442,FRAUD_ACT_0_49,1524.6
U_187,FRAUD_ACT_1_44,1674.43
U_693,FRAUD_ACT_2_28,300.42
U_553,FRAUD_ACT_1_33,711.07
U_158,M_149,206.64
U_130,M_41,112.11
U_953,M_171,691.93
U_272,FRAUD_ACT_1_26,870.39
U_102,M_17,720.59
U_689,M_16,154.74
U_792,M_34,515.05
U_135,M_78,141.53
U_948,FRAUD_ACT_1_22,1903.28
U_902,FRAUD_ACT_1_20,669.45
U_386,M_34,204.3
U_900,M_5,76.59
U_807,FRAUD_ACT_0_19,1408.88
U_73,U_811,249.55
U_618,M_23,186.99
U_828,M_193,612.72
U_510,M_74,409.55
U_521,M_137,268.26
U_724,M_58,58.58
U_986,FRAUD_ACT_2_6,1255.11
U_170,M_65,619.8
U_130,M_15,298.53
U_704,FRAUD_ACT_0_0,317.9
U_146,FRAUD_ACT_1_44,455.85
U_49,FRAUD_ACT_0_47,1642.8
FRAUD_ACT_1_11,MULE_HUB_CRITICAL_1,3235.53
U_520,FRAUD_ACT_0_42,1680.63
U_361,M_103,470.93
U_592,FRAUD_ACT_2_27,424.69
U_900,M_106,744.55
U_933,U_177,482.91
U_14,M_75,456.39
U_712,M_46,650.14
U_438,M_176,727.98
U_264,FRAUD_ACT_2_4,875.92
U_304,M_180,169.79
U_469,M_39,8.41
U_126,U_723,362.27
U_854,FRAUD_ACT_1_46,1496.06
U_531,M_20,204.23
U_360,M_140,793.21
U_571,M_106,598.16
U_361,M_88,392.05
U_971,M_63,99.17
U_849,M_92,463.99
U_486,M_134,789.38
U_349,M_124,157.64
U_134,M_122,281.83
U_484,FRAUD_ACT_1_42,258.69
U_10,M_17,14.51
U_326,M_38,264.83
U_375,M_63,190.23
U_530,U_168,133.76
U_704,M_24,349.11
U_888,M_164,643.9
FRAUD_ACT_1_42,MULE_HUB_CRITICAL_1,7903.44
U_215,M_106,496.4
U_41,M_44,520.3
U_203,M_166,521.06
U_864,M_121,400.52
U_871,M_140,371.71
U_999,U_282,624.84
U_977,M_199,388.24
U_526,M_173,653.07
U_85,FRAUD_ACT_0_13,765.03
U_614,FRAUD_ACT_2_35,1446.34
U_672,M_27,283.34
U_719,M_26,137.61
U_457,M_88,269.29
U_137,M_65,166.65
U_384,FRAUD_ACT_2_38,569.57
U_897,M_167,291.55
U_499,M_0,695.78
U_677,FRAUD_ACT_1_5,1033.18
U_661,U_159,503.62
U_414,M_18,67.89
U_911,FRAUD_ACT_1_34,1633.88
U_53,FRAUD_ACT_2_4,564.61
U_726,FRAUD_ACT_0_41,1209.54
U_87,M_92,58.81
U_136,U_559,274.15
FRAUD_ACT_0_24,MULE_HUB_CRITICAL_0,3625.19
U_367,M_124,443.58
U_882,M_111,19.9
U_514,U_805,550.27
U_648,U_642,61.21
U_868,M_104,540.02
U_991,M_188,557.49
FRAUD_ACT_0_34,MULE_HUB_CRITICAL_0,3625.35
U_170,M_11,452.76
U_526,U_41,345.66
U_55,FRAUD_ACT_0_40,613.75
U_841,M_66,329.07
U_56,FRAUD_ACT_0_47,1538.84
U_930,FRAUD_ACT_0_35,837.74
U_655,M_136,500.39
U_99,M_86,448.48
U_491,M_170,569.55
U_459,FRAUD_ACT_1_15,1455.53
U_721,M_94,605.31
U_618,FRAUD_ACT_1_7,666.77
U_217,M_141,212.19
U_562,M_146,95.79
U_150,FRAUD_ACT_2_33,1045.14
U_358,M_66,600.42
U_969,M_76,12.26
U_181,M_112,694.37
U_455,FRAUD_ACT_2_16,216.85
U_989,U_204,642.0
U_154,U_517,367.53
U_481,M_85,260.24
U_126,FRAUD_ACT_1_49,1359.05
U_675,U_336,226.49
U_283,M_17,481.12
U_335,M_83,273.31
U_126,M_52,472.14
U_279,M_123,784.29
U_935,M_1,337.13
U_902,FRAUD_ACT_0_7,233.49
U_291,M_132,112.39
FRAUD_ACT_1_33,MULE_HUB_CRITICAL_1,4113.83
U_289,FRAUD_ACT_0_38,1825.03
FRAUD_ACT_0_25,MULE_HUB_CRITICAL_0,4329.94
FRAUD_ACT_0_42,MULE_HUB_CRITICAL_0,9758.97
U_547,M_120,365.96
U_321,U_889,543.95
U_390,M_105,47.98
FRAUD_ACT_1_37,MULE_HUB_CRITICAL_1,4679.66
U_61,M_170,747.45
FRAUD_ACT_2_46,MULE_HUB_CRITICAL_2,8685.1
U_106,M_188,606.56
U_993,FRAUD_ACT_0_17,694.19
U_279,M_7,314.14
U_260,FRAUD_ACT_2_48,1190.99
U_585,M_198,359.48
U_501,M_117,710.63
U_411,U_910,703.77
U_107,M_84,332.26
U_709,FRAUD_ACT_2_37,614.49
U_386,FRAUD_ACT_2_48,1228.47
U_45,U_481,588.11
U_798,M_104,779.2
U_240,M_34,313.97
U_860,FRAUD_ACT_2_25,650.74
U_969,U_459,487.19
U_212,M_106,334.16
U_285,M_16,463.99
U_890,U_714,194.85
U_585,FRAUD_ACT_1_48,1334.2
U_568,U_455,145.06
U_60,M_64,39.41
FRAUD_ACT_1_5,MULE_HUB_CRITICAL_1,11689.14
U_355,M_169,299.6
U_651,FRAUD_ACT_0_40,1636.8
U_544,M_110,490.34
U_804,M_22,107.88
U_532,M_86,349.76
U_102,M_61,216.89
U_281,M_14,64.66
U_591,M_88,48.19
U_128,FRAUD_ACT_1_9,443.21
U_347,FRAUD_ACT_1_16,1859.12
U_753,M_113,184.57
U_142,M_193,510.73
U_775,FRAUD_ACT_1_6,1406.47
FRAUD_ACT_2_38,MULE_HUB_CRITICAL_2,6486.91
U_589,U_137,207.34
U_456,M_75,719.13
U_889,FRAUD_ACT_0_42,711.41
U_62,FRAUD_ACT_1_14,1150.96
U_787,FRAUD_ACT_0_8,1832.3
U_624,M_112,284.19
U_29,M_155,640.45
U_834,M_101,67.82
U_638,M_26,10.84
U_732,FRAUD_ACT_1_17,1382.52
U_704,M_7,99.89
U_886,M_115,711.03
U_451,U_837,190.62
U_581,U_832,642.87
U_709,FRAUD_ACT_0_34,915.6
U_638,FRAUD_ACT_2_42,1786.99
U_511,M_165,628.58
FRAUD_ACT_1_39,MULE_HUB_CRITICAL_1,7833.04
U_765,M_179,759.65
U_505,M_150,529.28
U_636,FRAUD_ACT_1_18,572.98
U_149,U_293,734.33
U_577,U_473,539.85
U_658,M_60,67.67
U_87,M_111,620.19
U_770,M_197,309.62
U_103,M_137,704.71
U_182,M_51,90.11
FRAUD_ACT_1_27,MULE_HUB_CRITICAL_1,9193.86
U_953,M_41,317.4
U_231,FRAUD_ACT_2_24,1960.57
U_191,FRAUD_ACT_0_7,1238.32
U_325,M_180,731.18
U_633,FRAUD_ACT_1_32,1373.67
U_702,FRAUD_ACT_1_1,1484.54
U_133,M_150,765.52
U_490,M_47,772.57
U_533,M_53,380.9
U_244,M_46,301.78
U_754,U_725,795.83
U_398,U_119,692.35
U_546,M_88,387.91
U_478,M_13,540.32
U_727,M_165,319.39
FRAUD_ACT_0_19,MULE_HUB_CRITICAL_0,6035.79
U_753,M_180,114.78
U_278,M_126,353.02
U_687,FRAUD_ACT_0_14,1383.38
U_139,FRAUD_ACT_0_12,252.46
U_56,FRAUD_ACT_0_13,1747.25
FRAUD_ACT_2_29,MULE_HUB_CRITICAL_2,8137.27
U_348,M_82,52.35
U_535,M_28,334.48
U_767,M_68,587.68
U_103,M_138,668.92
U_498,U_303,178.07
U_858,M_127,226.42
U_844,M_68,261.68
U_40,M_132,613.3
U_414,FRAUD_ACT_1_32,1595.72
U_851,M_51,289.55
U_476,M_2,57.95
U_433,M_16,435.22
U_946,M_106,127.64
U_750,U_834,277.46
U_916,FRAUD_ACT_0_41,1868.97
U_12,M_179,14.02
U_857,U_33,367.88
U_454,M_114,74.98
U_339,M_110,89.23
U_733,M_94,311.96
U_231,U_782,775.21
U_149,M_105,454.91
U_669,M_76,700.47
U_609,FRAUD_ACT_2_31,1483.94
U_920,U_207,7.81
U_101,FRAUD_ACT_2_2,1175.2
U_376,U_690,395.86
U_160,U_339,168.41
U_918,M_109,414.65
U_962,U_108,452.33
U_116,FRAUD_ACT_0_11,469.93
U_520,FRAUD_ACT_2_5,1554.3
U_447,U_932,181.52
U_514,M_14,665.96
U_40,M_107,527.61
U_662,U_547,683.41
U_724,U_474,732.22
U_705,U_450,335.42
U_584,FRAUD_ACT_0_43,525.02
U_274,FRAUD_ACT_1_15,1807.18
U_638,M_33,493.36
U_303,M_12,84.35
U_707,M_152,128.22
U_871,M_11,12.69
U_104,FRAUD_ACT_1_23,1682.5
U_474,M_139,342.18
FRAUD_ACT_2_1,MULE_HUB_CRITICAL_2,3288.68
U_440,M_152,188.82
U_484,M_45,340.11
U_695,U_31,118.51
U_332,U_700,462.89
U_29,U_896,667.18
U_588,FRAUD_ACT_1_29,304.06
U_174,M_20,381.49
U_528,M_72,71.68
U_625,M_179,478.0
U_702,M_194,501.98
U_257,FRAUD_ACT_0_6,1324.93
U_767,M_89,183.26
U_819,M_63,157.31
U_370,U_577,94.21
U_956,M_80,155.92
U_476,M_30,591.29
U_253,M_86,21.72
U_950,M_161,491.79
U_521,U_401,239.96
U_582,M_139,547.94
U_665,M_132,363.93
U_173,M_43,115.38
U_22,M_43,102.91
U_569,FRAUD_ACT_2_11,1997.88
U_970,FRAUD_ACT_0_28,241.35
U_641,FRAUD_ACT_1_10,1744.74
U_158,M_185,613.56
U_756,FRAUD_ACT_1_11,1464.68
U_783,FRAUD_ACT_0_9,740.5
U_633,M_143,659.83
U_252,M_137,213.88
U_130,FRAUD_ACT_1_41,1072.58
U_787,FRAUD_ACT_1_4,1106.2
U_778,M_25,357.72
U_859,FRAUD_ACT_0_14,1503.62
U_676,M_168,291.37
U_497,FRAUD_ACT_0_11,1207.69
U_838,M_172,515.95
U_664,M_42,94.88
U_312,FRAUD_ACT_0_0,406.05
U_798,M_128,677.68
U_679,FRAUD_ACT_0_43,1254.22
U_529,U_911,490.01
U_496,U_517,66.11
U_154,U_222,276.82
U_433,FRAUD_ACT_1_40,1993.72
U_661,U_807,355.45
U_71,FRAUD_ACT_1_28,352.6
U_563,U_90,255.04
U_325,M_84,494.99
U_899,M_166,163.57
U_302,FRAUD_ACT_1_30,954.75
U_204,FRAUD_ACT_1_0,1081.32
U_675,U_617,433.73
U_815,FRAUD_ACT_1_18,1050.18
U_261,M_39,551.02
U_393,FRAUD_ACT_2_29,1035.58
U_510,M_30,784.63
U_747,U_437,253.46
U_954,M_88,20.77
U_943,FRAUD_ACT_0_49,758.18
U_95,U_237,718.34
U_598,U_108,135.68
U_649,M_158,61.62
U_928,M_3,173.39
U_121,M_167,535.52
U_501,M_48,136.08
U_707,M_113,712.33
U_821,FRAUD_ACT_1_27,971.88
U_224,U_830,623.94
SHELL_CORP_2,OFFSHORE_CAYMAN_2,202358.7
U_390,M_169,29.5
FRAUD_ACT_2_35,MULE_HUB_CRITICAL_2,13224.1
FRAUD_ACT_1_41,MULE_HUB_CRITICAL_1,9349.69
U_374,U_52,458.37
U_990,M_48,242.6
U_296,U_466,496.09
FRAUD_ACT_0_49,MULE_HUB_CRITICAL_0,7308.53
U_151,M_149,607.91
U_432,FRAUD_ACT_1_0,1659.79
U_793,M_93,435.92
FRAUD_ACT_2_0,MULE_HUB_CRITICAL_2,8330.75
U_887,FRAUD_ACT_0_42,466.5
U_223,M_26,590.11
U_321,FRAUD_ACT_1_31,1836.62
U_203,FRAUD_ACT_0_27,351.92
U_821,M_133,517.51
U_570,M_104,87.12
U_145,M_68,504.11
U_896,FRAUD_ACT_1_30,1135.6
U_369,M_170,178.14
U_567,U_430,533.62
U_991,FRAUD_ACT_2_7,456.26
U_854,FRAUD_ACT_0_38,705.8
U_325,M_156,180.61
U_315,M_101,207.29
U_63,M_87,786.0
U_353,M_105,284.26
U_515,M_42,56.9
U_906,FRAUD_ACT_2_41,399.74
U_307,M_182,569.1
FRAUD_ACT_0_15,MULE_HUB_CRITICAL_0,12278.29
U_654,M_5,45.21
U_151,U_281,501.33
U_171,FRAUD_ACT_2_9,200.98
U_31,M_56,237.21
U_166,FRAUD_ACT_0_48,899.31
U_302,M_106,144.63
U_188,FRAUD_ACT_2_38,1686.95
U_661,M_32,78.12
U_928,FRAUD_ACT_0_29,360.16
U_494,M_36,557.58
U_842,FRAUD_ACT_1_38,1601.39
U_432,M_13,553.51
U_461,M_120,236.55
FRAUD_ACT_2_43,MULE_HUB_CRITICAL_2,5269.23
FRAUD_ACT_1_3,MULE_HUB_CRITICAL_1,9127.82
U_744,M_108,93.39
U_518,U_74,405.02
U_380,M_77,176.83
U_436,M_178,757.15
U_853,M_77,491.28
U_257,M_179,601.04
U_177,M_125,234.62
U_55,M_61,398.44
U_61,M_17,788.98
U_129,M_151,268.94
U_751,M_32,146.28
U_849,M_70,11.44
FRAUD_ACT_1_31,MULE_HUB_CRITICAL_1,5461.6
U_472,M_72,615.51
U_351,M_81,524.15
U_671,M_100,107.52
U_916,M_86,779.11
U_706,U_938,752.81
U_722,M_74,775.84
U_385,M_57,415.52
U_462,FRAUD_ACT_2_47,1753.7
U_119,FRAUD_ACT_1_15,1090.62
U_930,FRAUD_ACT_2_35,562.27
U_386,M_154,36.44
U_20,FRAUD_ACT_0_1,1452.73
U_240,FRAUD_ACT_0_0,1366.55
U_664,U_684,280.08
U_405,M_185,561.06
U_599,M_83,307.82
U_307,FRAUD_ACT_2_10,361.49
FRAUD_ACT_2_48,MULE_HUB_CRITICAL_2,6540.58
U_823,M_194,670.57
U_471,FRAUD_ACT_0_1,1383.98
U_815,U_367,303.0
U_750,M_122,372.96
U_748,FRAUD_ACT_1_13,1197.75
U_92,M_28,147.92
U_715,M_80,552.92
U_650,U_746,199.62
U_549,U_335,684.32
U_570,M_188,729.7
U_849,FRAUD_ACT_0_39,1570.82
U_218,FRAUD_ACT_0_7,1389.45
U_860,M_142,149.0
U_289,FRAUD_ACT_0_47,781.71
U_61,M_39,562.56
U_806,M_116,600.72
U_569,M_41,469.27
U_993,M_34,114.85
U_703,M_121,460.31
U_852,U_338,667.89
U_413,M_66,144.15
U_358,M_113,500.43
FRAUD_ACT_2_19,MULE_HUB_CRITICAL_2,14202.76
U_544,M_3,18.3
U_823,M_110,685.77
U_115,M_111,262.99
U_516,U_543,318.48
U_960,FRAUD_ACT_2_21,968.81
U_177,M_40,7.13
U_267,M_177,192.86
U_231,M_143,779.76
U_52,M_79,585.48
U_346,M_119,770.5
U_32,M_18,413.75
U_28,FRAUD_ACT_0_11,642.06
FRAUD_ACT_1_0,MULE_HUB_CRITICAL_1,10366.41
U_554,FRAUD_ACT_2_33,1595.89
U_517,FRAUD_ACT_1_35,398.8
U_879,FRAUD_ACT_2_34,298.29
U_604,M_93,180.47
U_611,M_116,406.91
U_674,M_52,416.61
U_911,M_94,636.43
U_873,FRAUD_ACT_0_40,1861.14
U_151,U_357,34.19
U_403,M_21,247.23
U_152,M_47,604.76
U_721,FRAUD_ACT_1_41,1123.73
U_585,FRAUD_ACT_2_23,1653.81
U_639,FRAUD_ACT_1_47,1396.1
U_137,M_161,416.02
U_697,M_82,131.1
U_480,M_176,738.06
U_150,U_775,361.99
FRAUD_ACT_0_4,MULE_HUB_CRITICAL_0,4103.49
U_87,M_104,393.42
U_135,M_182,261.07
U_951,M_173,726.88
U_826,M_2,535.95
U_20,M_26,63.99
U_314,U_133,784.98
FRAUD_ACT_2_7,MULE_HUB_CRITICAL_2,12384.28
U_485,U_851,72.86
U_337,M_145,667.52
U_348,FRAUD_ACT_1_21,1612.79
U_523,M_188,139.9
U_436,M_125,571.36
U_714,M_71,128.61
U_953,M_157,526.66
U_765,U_97,406.82
U_123,FRAUD_ACT_1_43,865.25
U_161,M_111,634.51
U_854,M_4,34.45
U_14,M_31,366.55
U_290,M_147,108.82
U_45,M_59,434.11
U_587,M_163,337.07
U_81,U_748,423.49
U_932,FRAUD_ACT_1_24,850.95
U_31,FRAUD_ACT_2_14,1806.63
U_427,FRAUD_ACT_1_45,1066.12
U_608,M_76,549.11
U_713,M_175,482.33
U_784,M_152,304.49
U_730,M_22,649.36
U_445,U_534,772.55
U_372,M_29,82.46
U_656,M_92,111.77
U_276,M_137,620.84
U_322,M_113,370.43
U_280,FRAUD_ACT_2_20,545.33
FRAUD_ACT_1_8,MULE_HUB_CRITICAL_1,11085.64
U_124,FRAUD_ACT_0_20,1162.84
U_814,M_55,774.66
U_414,M_196,120.58
U_225,M_58,641.13
U_633,FRAUD_ACT_1_8,1663.64
U_580,M_91,270.08
U_232,M_111,782.78
U_116,U_190,401.74
U_770,FRAUD_ACT_2_12,1473.96
U_550,FRAUD_ACT_2_8,1914.7
U_57,M_179,141.25
U_173,FRAUD_ACT_2_3,306.04
U_21,M_16,22.52
U_726,FRAUD_ACT_2_16,844.08
U_45,M_29,22.96
U_241,FRAUD_ACT_0_21,735.36
U_205,M_103,102.6
U_2,U_91,725.97
U_703,M_189,590.94
U_654,U_759,223.65
U_372,M_179,734.23
U_891,M_174,196.46
U_404,FRAUD_ACT_1_40,1769.63
U_908,M_66,470.53
U_597,FRAUD_ACT_0_43,1996.41
U_821,FRAUD_ACT_2_11,772.95
U_287,FRAUD_ACT_2_17,1087.11
U_152,M_57,713.69
U_995,M_197,621.83
U_841,M_131,643.24
U_144,M_43,558.56
U_810,M_158,511.84
U_123,M_58,599.4
U_933,FRAUD_ACT_0_10,315.97
U_572,M_62,459.71
U_145,M_7,77.95
U_120,M_24,497.04
U_832,FRAUD_ACT_1_4,656.08
U_597,M_134,505.08
U_665,U_309,428.53
U_219,M_5,618.36
U_144,M_57,688.81
U_484,M_146,46.04
U_852,U_232,291.9
U_356,M_128,625.74
U_664,M_180,774.91
U_859,M_44,145.0
FRAUD_ACT_0_26,MULE_HUB_CRITICAL_0,6832.79
U_942,M_80,532.39
U_260,M_170,12.47
U_396,U_906,308.25
U_658,M_38,153.59
U_490,M_137,220.55
U_688,M_49,418.36
U_294,FRAUD_ACT_0_4,677.28
U_378,FRAUD_ACT_1_39,1418.28
U_530,M_8,628.25
U_632,U_116,628.88
U_17,M_41,467.42
U_867,M_3,420.57
U_100,FRAUD_ACT_0_2,1654.99
U_854,U_23,782.9
U_223,M_173,418.91
U_601,M_108,553.8
U_280,FRAUD_ACT_0_22,1759.6
U_135,M_93,427.03
U_183,M_173,264.93
U_242,FRAUD_ACT_2_26,1898.39
U_218,M_15,135.89
U_990,FRAUD_ACT_0_35,1644.05
U_532,M_95,369.47
U_784,M_79,22.87
U_445,FRAUD_ACT_0_9,938.47
U_612,U_442,588.95
U_734,M_134,331.58
U_848,FRAUD_ACT_1_39,941.7
U_725,FRAUD_ACT_0_34,961.92
U_211,M_63,669.89
U_280,U_981,500.24
U_412,U_623,546.25
U_143,M_165,71.98
U_905,M_20,315.59
U_694,M_124,423.91
FRAUD_ACT_2_6,MULE_HUB_CRITICAL_2,4506.86
U_214,FRAUD_ACT_0_5,825.17
U_970,M_157,210.15
U_784,M_195,80.13
U_899,FRAUD_ACT_2_11,977.53
U_494,U_425,736.84
U_215,M_170,86.72
U_64,FRAUD_ACT_2_24,1326.79
U_523,M_127,688.19
U_809,FRAUD_ACT_2_45,1394.3
U_766,M_185,278.36
U_428,M_40,651.71
U_688,M_12,199.56
U_476,M_187,476.02
U_855,M_126,123.57
U_261,FRAUD_ACT_2_2,1582.95
U_970,M_99,287.07
U_70,M_98,110.11
U_135,FRAUD_ACT_0_36,1942.5
U_726,M_1,464.5
U_714,FRAUD_ACT_1_32,821.45
U_382,M_140,730.67
U_832,M_103,616.51
U_211,M_99,724.35
U_357,M_54,532.35
FRAUD_ACT_0_11,MULE_HUB_CRITICAL_0,13867.87
U_287,M_100,295.19
U_179,M_20,674.23
U_942,FRAUD_ACT_0_43,338.3
U_568,FRAUD_ACT_2_6,1372.79
U_322,M_127,319.53
U_955,M_40,257.41
U_684,M_103,580.72
U_842,M_42,300.64
U_41,M_83,122.92
U_319,M_127,798.38
U_439,FRAUD_ACT_0_29,1280.71
U_101,M_166,271.56
U_103,FRAUD_ACT_2_40,237.79
U_914,M_45,396.05
U_391,M_91,386.35
U_397,FRAUD_ACT_2_45,1552.35
U_210,FRAUD_ACT_0_2,804.74
U_574,M_156,180.99
U_631,M_76,477.01
U_475,M_168,170.45
U_12,M_97,466.9
U_823,M_23,633.59
U_467,M_50,799.5
U_708,M_121,220.52
U_688,M_67,469.73
U_36,FRAUD_ACT_0_40,1046.45
U_383,M_197,545.25
U_136,FRAUD_ACT_0_27,669.22
U_63,M_56,108.92
U_876,M_96,526.83
U_274,FRAUD_ACT_1_0,1213.5
U_164,FRAUD_ACT_0_22,1848.6
FRAUD_ACT_1_18,MULE_HUB_CRITICAL_1,5079.49
U_194,M_141,579.02
U_721,U_677,186.18
U_429,M_63,335.92
U_867,M_187,777.86
U_172,M_148,127.58
FRAUD_ACT_2_32,MULE_HUB_CRITICAL_2,12052.48
U_624,U_381,734.76
U_493,M_1,403.96
U_950,FRAUD_ACT_0_30,1016.67
U_425,FRAUD_ACT_1_13,1727.51
U_530,FRAUD_ACT_2_22,1039.86
U_961,M_152,431.25
FRAUD_ACT_0_1,MULE_HUB_CRITICAL_0,10055.87
U_943,U_320,462.73
U_584,M_6,781.25
U_678,FRAUD_ACT_0_19,1638.09
U_562,U_687,58.55
U_530,M_92,313.53
U_815,M_176,505.26
U_464,U_239,739.51
U_103,M_164,188.77
U_265,FRAUD_ACT_1_35,1328.58
U_980,M_26,78.73
U_372,FRAUD_ACT_0_3,1944.97
U_379,M_190,558.7
U_166,U_709,618.02
U_358,FRAUD_ACT_1_37,738.56
U_830,M_40,630.96
U_992,FRAUD_ACT_0_26,1581.69
FRAUD_ACT_0_37,MULE_HUB_CRITICAL_0,4402.1
U_127,M_76,408.16
U_305,FRAUD_ACT_0_49,1083.52
U_53,FRAUD_ACT_2_28,730.85
U_804,U_231,7.63
FRAUD_ACT_1_35,MULE_HUB_CRITICAL_1,12078.72
U_170,M_46,415.73
U_446,M_130,96.94
U_67,FRAUD_ACT_2_5,1071.51
FRAUD_ACT_1_7,MULE_HUB_CRITICAL_1,8521.96
U_981,FRAUD_ACT_0_20,1461.11
FRAUD_ACT_2_17,MULE_HUB_CRITICAL_2,11448.57
U_899,FRAUD_ACT_2_42,1479.7
U_606,FRAUD_ACT_0_5,806.31
U_413,FRAUD_ACT_1_31,1003.14
U_173,U_559,393.21
U_453,M_144,389.49
U_208,M_192,210.63
U_505,M_34,681.59
U_423,M_142,388.56
U_61,M_36,570.76
U_593,M_151,757.27
U_370,M_30,530.58
U_714,M_24,429.86
U_782,M_152,633.64
U_183,M_19,91.95
U_189,U_626,495.47
U_283,M_32,562.63
U_601,FRAUD_ACT_1_16,1836.33
U_732,M_2,190.08
U_745,FRAUD_ACT_1_24,725.82
FRAUD_ACT_1_45,MULE_HUB_CRITICAL_1,7527.67
U_305,FRAUD_ACT_2_3,901.89
U_908,M_138,33.54
U_321,U_598,384.05
U_131,M_36,552.0
U_428,M_26,411.71
U_181,M_160,397.82
U_987,M_73,518.49
U_859,M_170,636.59
U_302,M_23,17.66
U_505,U_567,459.96
U_421,M_167,518.61
U_711,FRAUD_ACT_0_24,249.23
U_595,FRAUD_ACT_2_47,921.7
U_832,FRAUD_ACT_2_8,1036.37
U_575,M_12,321.73
U_944,M_121,638.82
U_46,M_141,237.25
U_184,M_140,26.4
U_370,FRAUD_ACT_2_22,1131.06
U_527,M_81,197.18
U_899,M_169,657.94
U_477,M_30,431.06
U_785,U_261,235.11
U_705,M_180,233.31
U_87,FRAUD_ACT_1_49,546.37
U_204,M_61,698.83
U_90,M_27,198.44
U_719,M_78,204.87
U_827,M_46,757.8
U_343,M_164,436.92
U_31,M_160,438.73
U_564,U_25,324.3
U_420,M_184,193.84
U_454,M_140,205.93
U_105,M_146,231.05
U_266,M_54,797.11
U_336,FRAUD_ACT_2_36,492.1
U_242,M_188,472.4
U_266,M_95,776.73
U_163,M_137,325.72
U_979,U_69,630.08
FRAUD_ACT_1_25,MULE_HUB_CRITICAL_1,13017.76
U_751,M_19,583.3
U_900,M_72,130.41
FRAUD_ACT_0_48,MULE_HUB_CRITICAL_0,12030.7
U_454,FRAUD_ACT_0_25,1623.83
U_224,M_196,621.92
U_492,FRAUD_ACT_2_37,1522.26
U_399,M_161,552.63
MULE_HUB_CRITICAL_1,SHELL_CORP_1,125395.82
U_859,FRAUD_ACT_2_0,1797.78
U_129,M_163,220.41
U_860,M_13,291.86
U_287,FRAUD_ACT_2_16,1425.0
U_154,U_419,24.01
U_178,M_74,291.37
U_864,FRAUD_ACT_2_22,1991.19
U_847,FRAUD_ACT_2_4,1819.1
U_869,M_78,87.64
U_965,M_70,735.69
U_480,FRAUD_ACT_1_16,818.93
U_682,FRAUD_ACT_1_37,1612.62
U_607,FRAUD_ACT_2_31,1620.95
U_195,FRAUD_ACT_1_9,401.44
U_310,FRAUD_ACT_1_43,729.17
U_399,M_11,510.36
U_594,FRAUD_ACT_0_15,1909.41
U_733,M_67,319.65
U_539,FRAUD_ACT_2_42,1958.78
U_910,U_122,694.66
U_569,M_63,80.31
U_397,M_134,501.06
U_224,FRAUD_ACT_2_47,1810.79
U_328,FRAUD_ACT_2_1,923.24
U_572,M_90,62.3
U_360,M_3,113.87
U_643,M_53,43.89
U_496,U_446,120.23
U_91,M_23,479.56
U_57,M_184,39.04
U_982,M_144,198.35
U_730,FRAUD_ACT_1_30,1638.33
U_741,M_101,773.98
U_258,M_122,95.7
U_908,M_92,599.58
U_333,FRAUD_ACT_1_47,360.77
U_329,FRAUD_ACT_2_46,1482.48
U_16,FRAUD_ACT_1_9,1452.86
U_973,M_194,527.56
U_121,FRAUD_ACT_2_42,459.98
U_867,FRAUD_ACT_0_3,1953.39
U_986,FRAUD_ACT_1_11,1073.08
U_440,M_197,120.4
U_282,M_132,758.71
U_957,FRAUD_ACT_0_8,1219.01
U_424,M_184,95.1
U_622,M_112,32.67
U_443,M_101,399.42
U_362,FRAUD_ACT_1_35,422.86
U_710,M_7,41.56
U_874,M_128,459.12
U_996,FRAUD_ACT_1_41,950.46
U_644,FRAUD_ACT_1_26,1396.99
U_635,M_73,15.92
U_124,M_139,306.86
U_445,M_160,122.56
U_379,M_123,206.75
U_953,FRAUD_ACT_0_35,622.71
U_547,M_9,731.02
U_564,FRAUD_ACT_1_3,337.76
U_597,FRAUD_ACT_2_49,274.06
U_352,U_459,434.19
U_536,U_867,64.09
U_599,M_178,439.39
U_317,M_186,762.98
U_480,M_1,725.16
U_418,FRAUD_ACT_0_17,657.75
U_280,U_192,89.88
U_946,M_28,539.04
U_445,FRAUD_ACT_0_30,1592.05
U_453,FRAUD_ACT_1_48,1524.64
U_95,FRAUD_ACT_1_1,272.79
U_426,M_41,539.31
U_419,FRAUD_ACT_1_47,897.02
U_10,M_157,548.91
U_360,M_48,498.61
U_190,M_74,702.01
U_923,M_9,702.81
U_250,FRAUD_ACT_2_43,1857.82
U_673,M_34,72.31
U_283,M_49,366.53
U_50,FRAUD_ACT_0_29,921.86
U_904,M_169,272.73
U_361,U_288,398.44
U_474,M_120,47.67
U_542,M_10,82.4
U_515,FRAUD_ACT_1_20,257.55
U_732,FRAUD_ACT_1_37,1230.98
U_47,M_121,490.96
U_984,FRAUD_ACT_2_3,785.52
U_295,M_10,70.39
U_33,U_675,688.99
U_69,FRAUD_ACT_1_45,1766.77
U_547,FRAUD_ACT_1_7,232.25
U_672,M_160,758.27
U_634,M_97,122.48
U_57,M_92,321.06
U_533,M_105,138.02
U_790,FRAUD_ACT_1_48,1473.32
U_956,M_184,222.4
U_442,U_756,301.25
U_929,M_23,509.26
FRAUD_ACT_0_8,MULE_HUB_CRITICAL_0,10521.1
U_838,FRAUD_ACT_1_25,447.99
U_948,M_106,765.58
U_215,U_105,80.97
U_441,M_94,700.49
U_934,M_168,690.82
U_737,M_124,243.53
U_436,M_154,266.78
U_870,M_53,471.69
U_42,FRAUD_ACT_1_23,1113.15
U_423,M_116,321.99
U_161,M_153,357.19
U_331,FRAUD_ACT_0_45,476.8
U_631,FRAUD_ACT_1_8,849.31
U_598,FRAUD_ACT_0_16,1527.03
U_504,U_734,595.3
U_348,M_177,474.82
U_689,M_198,590.54
U_939,FRAUD_ACT_2_24,649.97
U_286,FRAUD_ACT_2_44,1771.13
U_364,U_109,100.3
U_994,FRAUD_ACT_1_18,1720.16
U_16,M_147,197.34
U_867,M_84,102.41
U_7,M_53,537.92
U_482,M_43,179.39
U_667,M_85,219.91
U_654,M_50,126.51
U_437,U_843,531.31
U_177,FRAUD_ACT_2_13,943.69
U_684,M_138,334.12
U_534,FRAUD_ACT_0_9,561.17
U_139,M_49,507.46
U_542,M_19,413.52
U_543,M_153,262.7
FRAUD_ACT_0_21,MULE_HUB_CRITICAL_0,13313.0
U_636,U_129,381.48
U_410,M_46,459.27
U_142,M_61,205.88
FRAUD_ACT_1_22,MULE_HUB_CRITICAL_1,13099.16
U_447,FRAUD_ACT_2_1,524.91
U_527,M_197,395.09
U_958,M_4,196.33
U_312,FRAUD_ACT_1_43,1983.84
U_485,FRAUD_ACT_1_26,814.38
U_784,M_21,230.2
U_102,M_183,380.56
U_600,M_59,266.2
U_377,FRAUD_ACT_2_33,1946.49
U_652,M_19,475.56
U_618,U_605,592.48
U_506,M_125,335.43
U_860,M_32,784.67
U_913,M_49,21.98
U_702,M_61,460.45
U_41,FRAUD_ACT_0_41,994.74
U_473,M_19,357.29
U_293,M_128,614.85
FRAUD_ACT_0_9,MULE_HUB_CRITICAL_0,13322.23
U_318,FRAUD_ACT_2_33,1250.6
U_302,M_107,326.66
U_103,FRAUD_ACT_1_19,1628.27
U_319,FRAUD_ACT_2_32,1252.14
U_433,M_48,259.99
U_898,M_33,86.65
U_285,M_54,433.69
U_593,M_125,692.88
U_324,M_115,375.34
U_87,U_963,585.47
U_246,U_771,14.88
U_687,M_131,318.57
U_721,U_726,619.99
U_886,U_442,563.27
FRAUD_ACT_2_49,MULE_HUB_CRITICAL_2,12654.05
FRAUD_ACT_2_9,MULE_HUB_CRITICAL_2,5553.05
U_478,M_138,748.21
U_691,M_53,474.68
U_926,FRAUD_ACT_1_14,1670.04
U_567,FRAUD_ACT_2_40,642.74
U_604,U_137,253.98
U_512,FRAUD_ACT_2_18,1089.22
U_796,M_23,357.8
U_583,FRAUD_ACT_1_49,1139.16
U_9,M_169,85.28
U_368,M_23,615.97
U_745,U_959,441.92
U_897,M_147,203.86
U_828,FRAUD_ACT_0_8,1305.96
U_874,U_591,671.22
U_402,M_4,280.69
U_921,M_47,717.32
U_62,FRAUD_ACT_1_29,907.88
U_844,M_80,318.35
U_239,FRAUD_ACT_2_17,1964.21
U_204,M_41,786.91
U_462,U_866,31.56
U_352,FRAUD_ACT_2_34,551.73
U_570,M_184,99.12
U_450,U_452,506.95
U_929,M_166,461.44
U_228,M_44,305.82
U_787,M_152,320.38
U_459,M_61,251.03
U_932,M_127,667.11
U_652,M_199,419.43
U_149,M_177,112.72
U_68,FRAUD_ACT_0_5,1219.57
U_302,M_138,30.68
U_913,M_151,340.43
U_575,M_35,91.84
U_604,FRAUD_ACT_0_44,1872.47
U_31,U_490,678.6
U_340,M_182,607.93
U_905,M_73,371.77
U_397,M_6,258.51
U_667,M_126,772.04
U_56,U_308,756.53
U_816,M_173,255.97
U_407,M_84,682.61
U_556,M_8,147.59
U_521,FRAUD_ACT_2_46,873.68
U_370,M_127,502.2
U_720,FRAUD_ACT_0_7,1129.2
U_328,U_335,530.43
U_464,M_182,717.16
U_482,U_711,688.23
U_4,FRAUD_ACT_0_43,1146.83
U_503,FRAUD_ACT_0_39,1574.62
U_713,FRAUD_ACT_2_15,1970.83
U_383,FRAUD_ACT_2_43,772.31
U_517,FRAUD_ACT_1_26,508.27
U_698,FRAUD_ACT_2_11,1901.74
U_472,M_165,666.55
U_258,M_168,771.71
U_730,M_121,417.87
U_390,M_29,311.77
U_157,M_96,63.8
U_239,M_158,707.97
U_63,M_33,193.23
U_836,M_116,268.92
U_674,U_855,750.55
U_708,FRAUD_ACT_2_35,1967.46
U_389,M_162,668.12
FRAUD_ACT_1_49,MULE_HUB_CRITICAL_1,12006.7
U_445,M_76,389.96
U_34,U_752,617.94
U_166,FRAUD_ACT_1_41,459.82
U_269,M_68,453.58
U_100,M_175,359.52
U_470,FRAUD_ACT_2_12,1926.19
U_689,FRAUD_ACT_1_7,391.4
U_273,U_279,563.65
U_399,FRAUD_ACT_0_2,780.36
U_650,M_117,567.31
U_396,M_107,772.67
U_82,M_85,589.93
U_553,M_6,729.51
U_772,M_146,535.18
U_947,M_105,181.93
U_76,M_82,196.51
U_461,M_118,458.03
U_3,M_148,63.06
U_770,FRAUD_ACT_2_4,1274.61
U_559,M_50,622.04
U_729,M_193,643.05
U_267,FRAUD_ACT_0_24,1111.4
U_452,U_210,574.95
U_184,M_129,273.32
U_357,M_149,26.39
U_609,M_186,731.77
U_935,M_180,561.95
U_83,M_169,342.09
U_174,M_16,655.15
U_703,FRAUD_ACT_0_27,1267.44
U_748,M_65,576.29
U_30,FRAUD_ACT_1_28,996.64
U_440,M_166,779.51
U_432,M_122,61.31
U_713,M_175,663.31
U_861,FRAUD_ACT_0_23,798.9
U_914,M_197,708.94
U_402,M_186,783.09
U_129,M_134,95.35
U_402,FRAUD_ACT_0_28,1777.5
FRAUD_ACT_0_38,MULE_HUB_CRITICAL_0,6158.6
U_185,M_199,290.09
U_69,M_129,442.24
FRAUD_ACT_2_39,MULE_HUB_CRITICAL_2,6143.99
U_389,M_162,127.65
U_913,M_48,124.19
U_283,M_177,723.2
U_674,M_44,212.7
U_167,U_369,338.51
U_625,FRAUD_ACT_2_11,1108.68
U_113,FRAUD_ACT_1_23,1954.39
U_421,M_16,212.98
U_64,M_117,34.4
U_188,M_64,159.49
U_804,U_527,97.27
U_500,FRAUD_ACT_2_45,576.63
U_724,FRAUD_ACT_0_45,1387.17
U_87,U_55,198.22
U_116,M_116,221.11
U_555,M_53,631.22
U_674,M_117,516.46
U_402,FRAUD_ACT_2_14,1168.64
U_593,M_18,34.32
U_545,FRAUD_ACT_2_43,880.75
U_675,FRAUD_ACT_2_19,1529.87
U_251,M_189,532.67
U_656,M_9,418.92
U_800,FRAUD_ACT_1_23,1745.1
U_161,M_0,793.51
U_748,M_3,714.15
U_70,M_175,737.14
U_524,FRAUD_ACT_2_49,1318.03
U_998,M_19,399.44
U_767,U_952,193.21
U_73,M_110,262.11
U_497,FRAUD_ACT_0_13,1608.02
U_262,M_42,486.68
U_227,U_940,370.94
U_543,M_3,234.59
U_726,U_323,390.31
U_957,FRAUD_ACT_2_48,1716.38
U_730,M_151,222.01
U_333,M_191,543.1
U_859,FRAUD_ACT_2_9,1424.0
U_740,FRAUD_ACT_1_17,1480.49
U_473,FRAUD_ACT_0_29,556.88
U_963,FRAUD_ACT_1_17,1411.59
U_781,FRAUD_ACT_0_7,1185.61
U_805,FRAUD_ACT_1_5,527.97
U_965,M_92,610.27
U_941,M_40,50.22
U_106,M_137,144.83
U_693,FRAUD_ACT_0_32,540.85
U_37,FRAUD_ACT_1_29,1388.32
FRAUD_ACT_2_31,MULE_HUB_CRITICAL_2,8776.79
U_652,M_131,641.87
U_707,FRAUD_ACT_1_18,1548.66
U_402,M_22,585.26
U_56,M_49,468.83
U_684,U_596,725.3
U_548,FRAUD_ACT_2_44,729.53
U_647,M_78,421.88
U_999,M_141,47.77
U_460,FRAUD_ACT_1_12,1253.41
U_465,M_141,656.96
U_532,U_780,292.19
U_788,FRAUD_ACT_1_28,217.91
U_390,M_125,38.58
U_329,M_128,124.93
U_351,M_173,641.04
U_333,M_28,264.28
FRAUD_ACT_0_18,MULE_HUB_CRITICAL_0,3252.89
U_653,U_980,100.38
U_151,M_10,250.07
U_408,M_87,65.44
FRAUD_ACT_1_1,MULE_HUB_CRITICAL_1,14168.01
U_111,M_168,533.43
U_711,M_94,366.48
U_923,FRAUD_ACT_2_13,217.24
U_225,U_207,343.84
U_570,FRAUD_ACT_1_19,284.69
U_554,M_51,690.76
U_424,U_473,569.65
U_426,M_138,745.72
U_553,U_154,188.85
U_526,U_555,283.5
U_2,U_307,765.04
U_310,M_161,797.63
U_854,M_31,524.78
U_579,M_24,716.36
U_903,M_40,700.17
U_755,M_160,105.5
U_553,FRAUD_ACT_1_47,282.48
U_264,M_121,779.54
U_644,M_22,389.51
U_560,FRAUD_ACT_0_47,1913.42
FRAUD_ACT_1_12,MULE_HUB_CRITICAL_1,11557.11
U_773,M_176,580.71
U_672,M_55,760.64
FRAUD_ACT_1_44,MULE_HUB_CRITICAL_1,8865.52
U_429,U_905,638.77
U_125,M_163,242.56
U_178,U_414,684.41
U_147,M_0,493.77
U_125,M_127,188.5
U_45,FRAUD_ACT_0_38,1961.33
U_451,M_69,123.71
U_70,M_166,37.01
U_502,M_62,264.08
U_143,FRAUD_ACT_0_14,624.87
U_293,M_152,50.68
U_598,M_149,322.52
U_41,U_810,678.66
U_384,M_42,458.93
U_639,FRAUD_ACT_0_4,1537.2
U_334,M_170,559.01
U_894,U_717,500.33
U_987,U_459,146.05
U_783,M_14,645.32
U_787,M_28,238.33
U_170,FRAUD_ACT_1_11,1824.35
U_412,FRAUD_ACT_0_48,712.88
U_874,U_745,191.53
U_851,M_61,51.05
FRAUD_ACT_0_17,MULE_HUB_CRITICAL_0,9548.94
U_55,FRAUD_ACT_0_19,1443.23
FRAUD_ACT_1_36,MULE_HUB_CRITICAL_1,13732.07
U_753,M_63,265.2
U_200,M_81,243.29
U_780,M_193,478.67
U_785,M_121,574.74
U_93,M_28,126.51
U_461,M_6,334.84
U_883,M_138,408.49
FRAUD_ACT_0_14,MULE_HUB_CRITICAL_0,14195.23
U_138,M_115,142.26
U_374,M_19,415.75
U_753,U_884,529.13
U_886,FRAUD_ACT_0_48,918.05
U_959,M_140,47.79
U_820,M_178,549.23
U_599,M_125,775.4
U_689,U_426,469.04
U_657,M_123,199.68
U_208,FRAUD_ACT_0_31,542.98
U_373,M_109,139.07
U_419,U_625,160.76
U_308,M_37,55.3
U_816,M_177,59.98
FRAUD_ACT_2_34,MULE_HUB_CRITICAL_2,5404.46
U_661,U_412,583.93
U_388,M_63,371.2
U_158,U_950,261.49
U_480,FRAUD_ACT_0_33,439.77
U_479,M_28,267.89
U_102,M_102,629.93
U_539,M_7,32.95
U_449,FRAUD_ACT_2_26,1575.38
U_705,FRAUD_ACT_1_40,1875.86
U_298,M_159,26.7
U_339,M_51,646.12
U_760,FRAUD_ACT_2_16,235.61
U_579,M_168,698.4
U_50,M_66,656.97
U_16,M_129,549.07
FRAUD_ACT_1_17,MULE_HUB_CRITICAL_1,11815.02
FRAUD_ACT_2_30,MULE_HUB_CRITICAL_2,4232.28
U_512,FRAUD_ACT_2_7,566.22
U_46,FRAUD_ACT_2_10,490.55
U_156,FRAUD_ACT_1_43,411.94
U_602,U_913,363.15
FRAUD_ACT_1_24,MULE_HUB_CRITICAL_1,4191.53
U_461,M_91,444.66
FRAUD_ACT_2_4,MULE_HUB_CRITICAL_2,5837.89
U_608,M_121,471.57
U_660,M_102,773.61
U_236,M_91,68.18
FRAUD_ACT_0_46,MULE_HUB_CRITICAL_0,5536.4
U_152,FRAUD_ACT_2_44,789.83
U_310,M_23,404.55
U_576,M_18,432.42
U_921,FRAUD_ACT_1_45,808.08
U_379,U_38,580.97
U_160,FRAUD_ACT_1_19,1290.35
U_964,M_43,739.68
U_819,M_177,549.29
U_392,U_436,316.57
FRAUD_ACT_2_21,MULE_HUB_CRITICAL_2,6875.99
U_933,M_145,544.32
U_417,M_119,335.54
U_19,FRAUD_ACT_2_6,684.49
U_588,M_47,391.9
U_151,M_152,7.25
U_828,M_194,645.63
U_382,M_169,319.5
U_239,M_23,564.44
U_744,M_181,171.67
U_843,M_175,506.09
U_834,M_64,34.11
U_842,M_110,768.83
U_900,M_192,761.21
U_417,M_109,155.08
U_429,M_159,368.41
U_396,M_30,213.11
U_921,M_158,297.68
U_674,M_129,112.04
U_792,M_163,398.02
FRAUD_ACT_0_27,MULE_HUB_CRITICAL_0,7411.19
U_133,M_124,94.79
U_3,FRAUD_ACT_2_37,1349.78
U_543,U_302,656.44
U_950,M_100,146.86
U_823,FRAUD_ACT_0_6,739.84
U_309,U_383,629.03
U_100,M_132,542.99
U_703,M_87,796.93
FRAUD_ACT_0_5,MULE_HUB_CRITICAL_0,3919.94
U_102,FRAUD_ACT_0_2,1443.56
FRAUD_ACT_0_44,MULE_HUB_CRITICAL_0,4272.84
U_882,FRAUD_ACT_0_31,1664.14
U_443,FRAUD_ACT_0_37,455.23
U_210,U_783,445.6
U_405,M_60,312.0
U_241,FRAUD_ACT_0_16,1883.9
U_816,FRAUD_ACT_0_46,1224.49
U_218,M_38,736.32
U_701,FRAUD_ACT_0_49,1286.32
U_170,FRAUD_ACT_0_3,1306.69
U_474,M_8,267.55
U_106,M_179,703.52
U_499,M_146,160.9
U_340,M_66,764.71
U_567,M_169,87.35
U_81,M_61,415.7
U_568,FRAUD_ACT_2_38,407.34
U_830,M_146,322.84
U_191,M_115,497.43
U_112,M_125,529.76
U_803,M_145,630.92
U_740,M_146,463.09
U_390,FRAUD_ACT_0_47,366.59
U_493,M_97,283.66
U_557,M_44,531.78
U_129,FRAUD_ACT_1_33,1136.85
FRAUD_ACT_0_13,MULE_HUB_CRITICAL_0,13761.28
U_879,M_199,227.14
U_603,M_74,111.44
U_594,M_67,35.41
U_578,FRAUD_ACT_2_19,515.95
U_241,M_20,318.87
U_478,M_141,108.17
U_990,FRAUD_ACT_0_19,1829.41
U_878,M_25,778.13
U_171,M_197,432.69
U_232,M_113,249.76
U_9,M_154,90.3
U_397,M_150,95.81
U_718,M_165,61.76
U_697,U_26,526.04
U_784,M_156,230.09
U_409,FRAUD_ACT_1_13,1074.98
U_161,U_967,279.72
U_711,FRAUD_ACT_1_42,582.76
U_828,M_184,352.95
U_471,M_7,388.17
U_163,M_11,47.95
U_511,M_175,273.36
U_994,M_2,545.83
U_6,M_138,766.6
U_78,M_63,578.12
U_789,M_8,149.75
U_572,FRAUD_ACT_1_40,1134.1
U_231,M_97,363.16
U_529,M_173,786.29
U_699,M_15,554.02
U_628,FRAUD_ACT_2_17,1325.43
U_341,M_32,630.65
U_793,M_120,698.89
U_789,M_195,796.83
U_270,M_29,46.76
U_532,M_155,562.08
U_581,FRAUD_ACT_2_7,932.14
U_454,U_82,261.08
U_715,M_116,251.76
U_292,M_85,259.17
FRAUD_ACT_0_43,MULE_HUB_CRITICAL_0,12219.04
U_426,FRAUD_ACT_1_5,1778.16
U_712,M_40,87.45
U_944,U_808,321.39
U_560,M_23,273.67
U_46,M_74,367.46
U_715,FRAUD_ACT_2_10,421.36
U_976,M_137,599.27
U_423,U_884,180.91
U_794,M_119,429.25
U_898,M_98,525.56
U_940,FRAUD_ACT_1_27,936.76
U_106,FRAUD_ACT_1_22,1471.53
U_606,M_160,198.07
U_910,FRAUD_ACT_1_44,710.27
U_253,M_78,270.19
U_464,FRAUD_ACT_2_30,1130.98
U_73,M_39,23.88
U_936,M_36,215.58
U_876,FRAUD_ACT_2_20,610.34
U_924,FRAUD_ACT_1_3,740.74
U_107,M_133,528.55
U_952,FRAUD_ACT_0_37,810.52
U_122,M_13,147.58
U_826,FRAUD_ACT_2_1,1160.38
U_616,M_134,385.0
FRAUD_ACT_2_41,MULE_HUB_CRITICAL_2,5056.32
U_687,M_193,167.63
U_670,M_196,443.31
U_232,FRAUD_ACT_1_21,417.24
FRAUD_ACT_2_45,MULE_HUB_CRITICAL_2,10740.86
U_321,FRAUD_ACT_0_25,1236.46
U_970,M_176,736.22
U_534,FRAUD_ACT_0_15,1395.59
U_229,FRAUD_ACT_1_21,1075.46
U_404,FRAUD_ACT_0_36,1408.27
U_555,M_13,154.13
U_553,M_195,30.12
U_591,M_58,73.75
U_192,M_126,435.99
U_893,M_34,14.22
U_831,FRAUD_ACT_1_32,1606.81
U_64,M_118,727.96
U_751,U_311,66.96
U_75,FRAUD_ACT_2_38,844.2
U_864,FRAUD_ACT_0_5,1240.75
U_717,M_63,233.4
U_965,M_155,712.35
U_735,U_952,737.22
U_720,M_61,443.9
U_970,M_36,452.67
U_159,U_632,44.56
U_270,M_49,766.08
U_705,U_28,312.32
U_231,M_113,12.38
U_154,M_170,81.88
U_414,FRAUD_ACT_1_8,1763.8
U_714,M_112,540.45
U_913,M_113,45.33
FRAUD_ACT_1_32,MULE_HUB_CRITICAL_1,13571.7
U_584,FRAUD_ACT_0_28,604.08
U_984,FRAUD_ACT_2_8,1840.69
U_872,M_87,715.85
U_566,U_249,740.91
U_789,U_161,402.44
U_886,M_2,390.26
U_75,M_15,309.33
U_936,M_88,770.81
U_870,FRAUD_ACT_0_4,1164.5
U_638,FRAUD_ACT_2_29,219.09
U_228,M_78,339.28
FRAUD_ACT_0_40,MULE_HUB_CRITICAL_0,4962.66
U_935,M_189,390.15
U_574,M_63,134.8
U_708,M_71,113.52
U_571,FRAUD_ACT_0_28,1364.79
U_683,FRAUD_ACT_1_18,1069.2
U_163,FRAUD_ACT_1_34,242.16
U_215,M_148,487.3
U_361,M_72,259.78
U_703,FRAUD_ACT_0_10,1282.22
U_542,M_107,396.16
U_105,FRAUD_ACT_1_12,1334.74
U_553,U_355,318.0
U_275,M_5,273.6
U_894,M_192,341.23
U_585,M_9,141.9
U_811,M_124,661.44
U_832,M_110,645.9
U_392,U_825,86.43
U_310,FRAUD_ACT_1_19,622.49
U_505,U_290,368.27
U_477,M_169,400.83
U_774,M_141,53.48
U_320,M_56,571.2
U_698,FRAUD_ACT_1_28,851.19
U_931,FRAUD_ACT_0_21,1929.35
U_475,M_143,478.38
U_757,U_781,170.19
U_626,FRAUD_ACT_1_14,1883.51
U_26,M_168,664.42
U_620,FRAUD_ACT_1_46,439.06
U_440,U_718,95.96
U_572,M_134,677.63
U_67,M_145,701.71
U_398,M_27,77.76
U_981,U_555,556.98
U_772,M_185,83.46
U_942,U_953,768.47
U_311,U_834,99.28
U_21,FRAUD_ACT_0_48,1734.22
U_826,U_470,431.3
U_638,FRAUD_ACT_1_6,1654.1
U_149,FRAUD_ACT_0_32,251.79
U_280,FRAUD_ACT_2_22,419.09
U_829,M_25,364.69
U_359,M_156,508.05
U_690,U_244,525.74
U_533,M_121,82.61
U_987,M_138,110.73
U_452,M_109,450.92
U_149,M_71,759.29
U_86,M_169,508.19
U_361,M_75,234.92
U_540,M_3,789.57
U_282,U_125,759.46
U_311,FRAUD_ACT_1_35,1507.72
U_770,U_330,698.59
U_1,M_198,544.45
U_978,M_153,91.45
U_683,FRAUD_ACT_2_35,1056.31
U_296,M_59,693.85
U_635,FRAUD_ACT_2_32,1000.32
U_991,M_157,630.66
U_453,M_150,792.07
U_909,M_106,643.93
U_766,M_73,354.13
FRAUD_ACT_1_2,MULE_HUB_CRITICAL_1,4533.48
U_52,M_160,494.41
U_515,M_48,637.11
U_787,U_527,601.09
U_958,FRAUD_ACT_0_21,1680.87
U_439,M_16,214.04
U_485,M_113,591.48
U_30,U_115,284.4
U_946,M_7,69.57
U_620,M_59,479.11
U_481,M_173,661.18
U_88,M_24,151.9
U_226,M_62,248.43
U_741,M_116,479.24
U_873,M_60,308.18
U_1,M_146,316.32
U_491,FRAUD_ACT_2_25,977.51
U_790,FRAUD_ACT_1_29,495.78
U_34,FRAUD_ACT_2_27,879.31
U_517,M_126,696.19
FRAUD_ACT_2_16,MULE_HUB_CRITICAL_2,4079.6
U_519,M_136,394.43
U_559,M_56,393.14
U_848,M_175,730.4
U_255,M_139,636.9
U_242,FRAUD_ACT_0_20,1743.76
U_313,M_183,343.76
U_971,FRAUD_ACT_0_17,403.33
U_657,M_116,715.4
FRAUD_ACT_0_22,MULE_HUB_CRITICAL_0,12878.37
U_347,FRAUD_ACT_2_30,1371.66
U_989,M_182,22.08
U_576,M_96,613.74
U_611,M_167,627.41
U_759,M_165,654.32
U_522,U_794,282.75
U_926,M_163,190.11
U_498,U_610,373.01
U_806,FRAUD_ACT_2_14,1778.1
U_86,FRAUD_ACT_1_33,266.55
U_949,FRAUD_ACT_0_21,1960.39
U_172,U_998,163.27
U_394,FRAUD_ACT_2_5,1908.84
U_197,M_136,258.72
U_84,M_166,136.59
U_98,FRAUD_ACT_2_29,1311.14
U_707,M_190,382.8
U_775,M_114,131.58
U_486,M_192,201.56
U_859,M_52,299.71
U_317,FRAUD_ACT_1_45,1218.38
U_736,M_109,665.3
U_386,FRAUD_ACT_1_38,1135.4
U_702,M_121,725.69
U_115,M_10,115.84
U_18,M_46,761.18
U_618,M_130,86.83
U_802,M_33,494.56
U_138,M_105,735.42
U_444,FRAUD_ACT_1_1,1335.24
U_500,U_522,359.16
U_530,U_720,59.55
U_838,FRAUD_ACT_2_34,1703.31
U_694,M_196,529.05
U_377,M_19,517.51
U_760,M_69,229.0
U_754,FRAUD_ACT_1_13,1241.59
U_194,U_197,25.16
FRAUD_ACT_2_42,MULE_HUB_CRITICAL_2,5275.69
U_688,M_50,122.15
U_297,U_978,572.74
U_247,FRAUD_ACT_1_10,984.42
U_578,M_66,167.39
U_754,M_96,180.37
U_432,FRAUD_ACT_1_14,1237.53
U_909,FRAUD_ACT_1_39,434.11
U_339,M_55,760.5
U_138,M_101,269.11
U_522,M_59,494.08
U_184,FRAUD_ACT_2_0,1932.28
U_141,M_61,434.01
U_891,M_39,64.49
U_254,FRAUD_ACT_1_3,1141.57
U_982,FRAUD_ACT_1_17,950.35
U_990,FRAUD_ACT_2_17,853.4
U_262,FRAUD_ACT_2_31,839.7
U_646,M_42,514.26
U_433,M_16,301.39
U_305,FRAUD_ACT_1_36,1230.38
U_930,U_286,359.58
U_919,M_147,695.67
U_92,M_185,664.66
FRAUD_ACT_2_18,MULE_HUB_CRITICAL_2,9621.42
U_635,FRAUD_ACT_2_30,1314.61
U_783,FRAUD_ACT_0_3,1401.3
U_37,M_101,631.43
U_732,U_288,141.56
U_184,FRAUD_ACT_0_32,935.34
U_137,FRAUD_ACT_2_48,1552.92
U_315,U_404,787.63
U_773,M_51,152.88
U_602,M_44,215.97
U_718,FRAUD_ACT_0_29,1733.3
U_324,FRAUD_ACT_0_37,1478.46
U_850,U_694,26.27
U_694,FRAUD_ACT_2_20,241.61
U_827,U_624,190.01
U_474,M_180,327.26
U_656,M_142,714.19
U_281,FRAUD_ACT_2_0,1616.16
U_554,M_0,621.85
U_284,FRAUD_ACT_2_23,1853.1
U_603,FRAUD_ACT_1_44,959.16
U_793,M_110,38.8
U_660,U_600,210.76
U_121,FRAUD_ACT_0_31,604.07
U_800,FRAUD_ACT_1_23,1299.03
U_868,M_158,255.76
U_379,M_113,760.69
U_568,M_53,464.03
U_432,FRAUD_ACT_1_11,239.27
U_660,M_23,178.0
U_435,M_28,66.8
U_781,M_116,746.62
U_794,FRAUD_ACT_2_26,1279.94
U_204,FRAUD_ACT_0_6,945.77
U_95,M_96,444.4
U_702,M_180,559.02
U_304,FRAUD_ACT_0_4,1993.21
U_712,M_12,448.14
U_370,M_144,351.67
U_857,M_3,585.36
U_371,U_724,310.35
U_630,M_71,31.01
U_94,M_48,45.97
U_478,FRAUD_ACT_0_41,985.57
U_112,U_451,254.39
U_28,U_993,212.67
U_163,M_131,376.12
U_956,U_117,437.93
U_507,M_50,369.0
U_988,FRAUD_ACT_1_8,1539.64
FRAUD_ACT_1_30,MULE_HUB_CRITICAL_1,11658.61
U_810,U_499,189.98
U_863,FRAUD_ACT_2_40,671.22
U_59,M_68,425.57
U_540,FRAUD_ACT_2_2,771.29
U_781,M_197,63.03
U_776,M_121,518.49
U_784,M_91,541.22
U_983,M_81,143.49
U_206,FRAUD_ACT_0_3,1094.51
U_25,M_128,127.49
U_446,U_947,646.18
U_995,M_164,538.72
U_862,M_117,246.75
U_30,U_238,406.76
U_69,M_60,326.0
U_732,M_8,62.97
U_323,M_131,321.59
U_558,M_114,473.47
U_513,M_101,294.27
U_662,M_105,706.81
U_479,M_179,324.99
U_792,U_782,130.96
U_526,M_0,527.84
FRAUD_ACT_0_33,MULE_HUB_CRITICAL_0,6878.95
U_690,M_136,232.31
U_873,FRAUD_ACT_1_22,1442.24
U_360,M_77,192.78
U_297,M_0,98.97
FRAUD_ACT_2_15,MULE_HUB_CRITICAL_2,4497.17
FRAUD_ACT_0_41,MULE_HUB_CRITICAL_0,13150.06
FRAUD_ACT_1_26,MULE_HUB_CRITICAL_1,4819.33
U_310,M_42,395.73
U_993,FRAUD_ACT_0_46,278.92
U_682,M_103,790.08
U_446,M_186,625.84
U_53,U_987,510.52
U_783,M_105,769.15
U_483,U_418,148.09
U_44,FRAUD_ACT_2_22,1790.84
U_402,M_192,478.13
U_71,M_71,284.16
U_817,M_177,533.27
U_690,M_147,471.76
U_2,M_67,741.58
U_975,FRAUD_ACT_2_3,933.1
U_206,FRAUD_ACT_0_12,486.85
U_549,U_110,347.59
U_308,M_0,246.58
U_939,M_11,36.72
U_134,FRAUD_ACT_1_17,1789.71
U_523,M_196,366.43
U_297,FRAUD_ACT_1_13,266.63
U_468,FRAUD_ACT_0_41,1087.38
U_674,FRAUD_ACT_0_12,1191.27
U_68,M_165,296.23
U_659,M_119,379.08
U_661,FRAUD_ACT_1_48,359.35
U_506,FRAUD_ACT_0_31,887.73
U_260,FRAUD_ACT_1_4,1254.02
U_553,M_127,429.48
U_152,U_634,495.5
U_29,M_172,45.11
U_877,M_57,543.77
U_8,M_155,645.04
U_750,M_194,637.8
U_915,M_46,757.96
U_755,FRAUD_ACT_0_24,788.18
U_316,M_89,9.85
FRAUD_ACT_0_20,MULE_HUB_CRITICAL_0,7661.65
U_224,M_35,410.07
U_508,M_94,739.83
U_353,M_33,609.73
U_635,M_84,354.98
U_248,M_104,156.38
U_772,M_14,116.41
U_844,M_75,598.51
U_864,FRAUD_ACT_1_37,1271.99
U_186,M_130,215.29
U_468,FRAUD_ACT_1_41,432.89
U_430,M_97,361.59
U_473,FRAUD_ACT_0_9,465.94
U_846,U_98,146.05
U_99,M_189,210.63
U_607,U_515,181.13
U_205,M_102,796.14
U_110,M_9,687.58
U_728,M_9,303.28
U_510,U_753,43.61
U_349,FRAUD_ACT_1_1,1951.89
U_749,M_55,110.51
U_503,U_553,616.12
U_141,M_43,266.29
U_87,U_404,323.5
U_475,M_155,119.22
U_808,M_10,466.96
U_921,FRAUD_ACT_1_47,911.71
U_702,M_180,617.02
U_869,M_2,508.94
FRAUD_ACT_0_45,MULE_HUB_CRITICAL_0,3069.66
U_549,M_108,150.87
U_860,FRAUD_ACT_2_10,1118.59
U_502,M_187,637.01
U_849,M_0,270.18
U_149,U_566,748.13
U_818,M_113,274.25
U_811,U_179,67.78
U_882,U_86,774.04
U_569,M_195,226.46
U_987,M_115,250.1
U_427,M_19,97.67
U_506,M_96,495.47
U_446,FRAUD_ACT_0_39,1806.81
U_473,M_103,505.66
U_664,FRAUD_ACT_0_26,1573.69
U_219,FRAUD_ACT_1_39,1003.1
U_899,M_20,73.09
FRAUD_ACT_0_28,MULE_HUB_CRITICAL_0,10519.53
U_309,U_546,105.63
U_458,M_0,582.42
U_223,FRAUD_ACT_0_16,459.7
U_748,M_142,531.19
U_728,M_46,778.7
U_906,FRAUD_ACT_1_0,898.56
U_797,M_45,644.27
U_611,M_82,783.31
U_981,FRAUD_ACT_0_30,862.26
U_261,FRAUD_ACT_0_21,741.6
U_952,M_62,415.22
U_638,M_30,107.29
U_940,M_50,222.81
U_620,FRAUD_ACT_0_35,1890.78
U_431,M_20,378.89
U_726,U_564,15.87
U_422,M_132,430.84
FRAUD_ACT_0_2,MULE_HUB_CRITICAL_0,9033.22
U_483,M_35,608.28
U_200,U_982,592.14
U_360,FRAUD_ACT_0_24,957.57
U_264,U_648,631.98
U_579,FRAUD_ACT_2_36,1933.52
U_656,FRAUD_ACT_0_25,530.73
U_288,M_128,424.33
U_924,FRAUD_ACT_0_20,1662.05
U_758,M_62,45.36
U_537,FRAUD_ACT_1_2,351.15
U_849,FRAUD_ACT_2_8,1317.31
U_52,U_374,374.96
U_755,M_50,362.41
U_317,M_56,269.79
U_531,M_71,149.28
U_595,FRAUD_ACT_1_36,1218.08
U_516,M_87,648.54
U_102,M_112,84.27
U_689,M_76,735.35
U_335,FRAUD_ACT_0_27,1639.15
U_895,M_26,570.56
U_938,M_164,766.0
U_417,U_861,730.78
U_469,FRAUD_ACT_0_33,354.33
U_810,M_156,760.05
U_839,FRAUD_ACT_0_23,380.71
U_305,FRAUD_ACT_0_13,1760.91
U_465,FRAUD_ACT_1_38,376.38
SHELL_CORP_1,OFFSHORE_CAYMAN_1,85972.5
U_462,FRAUD_ACT_2_8,275.23
U_19,M_38,441.3
U_332,M_105,612.53
U_803,M_98,14.81
U_302,FRAUD_ACT_1_3,1223.36
U_253,FRAUD_ACT_1_38,389.41
U_960,FRAUD_ACT_0_8,1041.13
U_295,U_745,776.44
U_574,M_130,628.52
U_518,M_89,705.29
U_404,FRAUD_ACT_1_7,410.02
U_221,M_24,85.47
U_23,U_869,359.14
U_79,M_182,461.48
U_677,FRAUD_ACT_0_0,639.61
U_80,M_46,438.65
U_971,M_147,215.4
U_460,M_146,523.21
U_117,M_83,141.64
U_706,FRAUD_ACT_1_9,1415.18
U_139,FRAUD_ACT_0_25,205.54
U_135,M_9,370.2
FRAUD_ACT_2_27,MULE_HUB_CRITICAL_2,3744.03
U_82,M_166,608.87
U_913,U_519,507.14
U_882,M_25,45.22
U_80,M_52,779.58
U_546,FRAUD_ACT_2_10,1213.55
FRAUD_ACT_1_15,MULE_HUB_CRITICAL_1,3249.68
U_142,M_58,66.29
U_806,M_150,530.64
U_843,FRAUD_ACT_0_32,709.34
U_524,U_440,93.16
U_351,M_75,484.89
U_787,FRAUD_ACT_1_25,211.86
U_420,FRAUD_ACT_2_29,619.6
U_61,FRAUD_ACT_1_35,1714.85
U_775,FRAUD_ACT_1_49,295.17
U_99,M_88,484.96
U_110,U_675,413.22
U_685,M_180,370.13
U_389,U_633,239.83
U_884,U_791,633.05
U_833,M_190,49.54
U_172,U_648,95.65
U_783,M_117,400.61
U_800,M_144,404.4
U_843,FRAUD_ACT_0_6,743.32
U_471,FRAUD_ACT_1_46,1571.02
U_185,M_145,682.54
U_308,M_193,81.72
U_612,M_102,429.82
U_19,U_371,703.58
U_915,M_185,96.69
U_199,M_73,63.46
U_787,FRAUD_ACT_1_21,284.02
U_910,U_628,232.79
U_957,M_149,388.93
U_312,M_181,515.98
U_621,M_69,176.38
U_593,M_75,126.17
U_360,U_519,174.13
U_628,M_180,29.64
U_351,M_127,342.03
U_678,M_95,451.36
U_48,M_84,222.21
U_535,M_34,278.39
U_66,FRAUD_ACT_2_45,501.38
U_396,M_35,135.21
U_648,M_189,214.34
U_243,FRAUD_ACT_0_15,1279.68
U_437,M_10,488.3
U_565,FRAUD_ACT_1_34,762.05
U_149,M_123,751.64
U_377,U_493,769.58
U_270,M_10,536.53
U_58,FRAUD_ACT_2_34,627.3
U_687,M_117,256.36
U_761,M_158,695.74
U_780,U_101,502.81
U_664,M_192,466.19
U_572,FRAUD_ACT_0_36,274.02
U_141,FRAUD_ACT_1_46,1108.57
U_546,FRAUD_ACT_0_17,874.47
U_786,U_424,709.48
U_844,M_183,273.66
U_606,M_188,559.61
U_785,M_59,779.31
U_1,M_19,110.5
U_533,M_156,698.8
U_160,M_34,598.67
U_419,M_18,104.63
U_871,FRAUD_ACT_2_44,1114.89
U_28,M_32,670.36
U_434,M_58,329.02
U_106,M_39,72.03
U_267,M_100,562.08
U_320,M_76,114.02
U_975,FRAUD_ACT_2_37,1666.37
U_840,M_28,689.69
U_241,FRAUD_ACT_1_36,1649.7
FRAUD_ACT_1_28,MULE_HUB_CRITICAL_1,6777.65
U_665,FRAUD_ACT_2_47,265.89
U_662,U_460,678.47
U_986,M_29,623.34
U_780,U_976,624.01
U_821,FRAUD_ACT_2_28,995.45
U_104,U_191,347.63
U_873,M_125,204.64
U_439,FRAUD_ACT_2_43,1958.57
U_182,M_142,61.0
U_736,FRAUD_ACT_1_33,1532.09
U_877,M_55,475.31
U_639,M_175,279.51
U_348,M_131,765.58
U_312,M_15,489.66
U_957,M_88,758.25
U_596,U_522,326.34
U_124,M_35,193.21
U_237,FRAUD_ACT_1_16,1113.74
U_463,M_134,664.5
U_365,M_83,692.07
U_110,U_888,707.3
U_275,FRAUD_ACT_2_5,309.14
U_659,FRAUD_ACT_0_12,1734.54
U_325,M_37,583.03
U_988,M_186,520.11
U_794,M_139,378.77
U_390,FRAUD_ACT_0_36,744.51
U_818,FRAUD_ACT_1_22,1022.84
U_544,M_157,464.46
U_197,M_21,758.83
U_310,M_163,746.93
U_579,U_508,116.81
U_707,M_88,798.17
U_590,U_774,144.28
U_954,M_151,797.83
U_531,FRAUD_ACT_2_49,832.83
U_688,U_727,521.82
U_921,FRAUD_ACT_1_31,1150.03
U_737,M_193,598.03
U_444,M_103,346.08
U_255,FRAUD_ACT_0_26,1129.46
U_59,U_280,171.46
U_757,M_57,595.22
U_714,M_12,540.54
U_961,FRAUD_ACT_1_15,1363.12
U_554,M_177,702.37
U_561,M_40,596.21
U_958,FRAUD_ACT_2_41,578.43
U_433,M_21,514.23
U_423,M_21,581.25
U_641,FRAUD_ACT_2_25,1883.11
U_390,M_169,634.95
U_964,M_63,465.24
U_772,M_148,361.88
U_771,FRAUD_ACT_1_27,1153.37
U_479,FRAUD_ACT_0_37,437.46
U_200,FRAUD_ACT_2_18,1971.67
U_946,M_164,510.06
U_342,M_92,450.48
FRAUD_ACT_1_19,MULE_HUB_CRITICAL_1,3217.57
U_601,M_36,170.19
U_775,U_625,685.64
U_986,FRAUD_ACT_0_18,699.92
U_875,M_144,295.69
U_998,M_85,106.13
U_36,M_182,593.83
U_630,FRAUD_ACT_2_36,739.34
U_422,FRAUD_ACT_1_4,370.07
U_480,M_95,151.26
U_934,U_640,242.26
U_120,FRAUD_ACT_1_24,1767.57
FRAUD_ACT_0_23,MULE_HUB_CRITICAL_0,4924.12
U_825,FRAUD_ACT_1_28,1131.23
U_118,M_101,379.4
U_664,M_41,576.11
U_993,M_129,182.05
FRAUD_ACT_0_39,MULE_HUB_CRITICAL_0,4815.18
U_227,M_196,225.95
U_837,M_195,10.08
U_205,M_45,771.84
U_337,U_694,312.32
U_205,M_158,220.67
U_706,M_157,287.72
U_712,M_30,790.58
U_56,M_131,335.26
U_610,M_186,630.21
U_725,M_79,449.34
U_278,M_127,702.25
FRAUD_ACT_2_40,MULE_HUB_CRITICAL_2,11129.43
U_215,M_52,551.56
U_922,FRAUD_ACT_0_13,1919.16
U_356,M_116,628.49
U_348,M_187,699.73
U_996,M_20,443.87
U_823,M_73,543.7
U_488,M_9,429.36
U_246,M_157,735.29
U_888,M_141,132.47
U_890,FRAUD_ACT_2_18,699.23
U_653,FRAUD_ACT_2_18,912.96
U_24,FRAUD_ACT_2_25,1266.56
U_402,M_115,24.81
FRAUD_ACT_1_20,MULE_HUB_CRITICAL_1,4367.63
U_557,FRAUD_ACT_1_32,1323.85
U_486,U_568,310.75
U_550,M_71,71.46
U_611,FRAUD_ACT_0_34,661.21
U_753,M_115,221.2
U_726,U_555,235.84
U_433,FRAUD_ACT_1_0,362.4
U_133,U_647,44.72
U_65,M_199,292.82
U_674,M_154,273.41
U_702,M_117,781.32
U_162,U_726,407.9
U_66,FRAUD_ACT_2_19,429.38
U_940,M_62,562.53
U_108,U_609,640.34
U_446,FRAUD_ACT_0_11,959.63
U_937,M_73,482.33
FRAUD_ACT_2_26,MULE_HUB_CRITICAL_2,10504.19
U_10,M_168,744.95
U_954,U_868,477.46
U_576,M_4,297.84
U_499,FRAUD_ACT_1_14,617.43
U_336,FRAUD_ACT_0_44,246.73
U_100,U_594,392.32
FRAUD_ACT_1_48,MULE_HUB_CRITICAL_1,9732.53
U_271,M_177,58.9
U_607,M_99,55.08
U_432,FRAUD_ACT_0_23,1778.17
U_812,M_71,675.06
U_932,M_123,267.83
FRAUD_ACT_1_47,MULE_HUB_CRITICAL_1,11045.33
U_333,M_133,369.23
U_959,M_88,792.28
U_783,M_122,9.69
U_859,FRAUD_ACT_2_15,1582.34
U_697,M_1,771.79
U_440,M_82,488.69
U_447,M_19,275.77
U_621,U_783,741.72
U_76,M_34,625.05
U_781,U_140,425.92
U_155,M_52,331.25
U_775,M_162,670.79
U_627,U_658,747.83
U_650,M_70,104.51
U_32,M_107,493.86
U_342,FRAUD_ACT_1_33,901.99
U_561,U_493,310.13
U_619,M_48,356.16
U_943,M_26,178.21
U_780,M_101,771.06
U_688,FRAUD_ACT_2_19,1428.29
U_921,M_65,40.29
U_945,M_177,337.55
U_329,FRAUD_ACT_2_12,814.93
U_808,M_102,288.1
U_608,M_169,90.95
U_631,M_194,365.25
U_693,U_543,452.82
U_201,M_17,759.36
U_687,M_122,171.07
U_85,FRAUD_ACT_2_7,1723.3
U_251,FRAUD_ACT_2_0,1693.44
U_178,FRAUD_ACT_2_39,594.1
U_68,U_34,359.92
U_964,M_21,707.26
U_932,M_184,119.6
U_216,M_193,585.3
U_971,M_54,647.73
U_823,M_11,763.49
U_144,M_107,479.16
U_144,U_5,460.31
U_763,M_26,325.73
U_27,M_183,521.66
U_776,M_140,56.62
U_692,FRAUD_ACT_1_1,603.61
U_942,FRAUD_ACT_1_31,464.35
U_229,M_33,172.9
U_566,M_184,488.04
U_739,M_73,18.63
U_281,M_3,594.44
U_743,FRAUD_ACT_1_8,1076.1
FRAUD_ACT_1_9,MULE_HUB_CRITICAL_1,5258.65
FRAUD_ACT_0_32,MULE_HUB_CRITICAL_0,14713.54
U_673,M_82,405.77
U_354,M_167,208.87
U_567,M_56,10.72
U_159,M_100,471.22
U_676,M_196,396.29
U_872,M_107,141.11
U_630,M_55,73.92
U_978,M_86,417.68
U_833,M_157,695.09
U_963,FRAUD_ACT_1_36,424.55
U_90,U_654,731.96
U_747,M_169,228.81
U_815,M_14,284.79
U_474,FRAUD_ACT_1_11,466.7
U_473,M_163,552.09
U_152,M_158,423.53
U_269,M_195,147.03
U_545,FRAUD_ACT_2_23,1007.95
U_882,M_187,790.48
U_992,FRAUD_ACT_1_25,948.35
U_490,U_286,309.5
U_808,M_160,374.12
U_861,M_91,78.52
U_903,M_93,612.27
U_593,M_13,723.35
U_203,FRAUD_ACT_2_39,556.08
U_778,U_273,441.63
U_468,M_197,613.91
U_19,U_992,430.3
U_94,FRAUD_ACT_1_39,311.95
U_360,M_99,683.49
U_390,M_54,531.68
U_939,M_96,68.8
U_691,FRAUD_ACT_2_30,1609.27
U_55,M_108,385.26
U_721,M_122,282.3
U_955,U_399,216.82
U_100,M_105,696.56
FRAUD_ACT_0_10,MULE_HUB_CRITICAL_0,7870.39
U_329,M_113,542.12
U_732,FRAUD_ACT_2_46,1920.35
U_551,FRAUD_ACT_0_1,787.01
U_191,M_67,354.59
U_531,FRAUD_ACT_2_46,1035.68
U_264,M_152,562.44
U_123,M_100,176.39
U_129,U_80,790.68
U_306,U_246,455.52
U_489,U_765,791.13
U_518,M_3,680.41
U_935,M_42,209.29
U_598,FRAUD_ACT_1_40,1097.89
U_613,FRAUD_ACT_2_29,1617.45
U_883,M_199,69.25
U_689,FRAUD_ACT_2_21,1897.53
U_601,FRAUD_ACT_2_30,546.47
FRAUD_ACT_1_43,MULE_HUB_CRITICAL_1,3335.73
U_4,M_63,184.88
U_642,FRAUD_ACT_1_37,1397.94
U_217,FRAUD_ACT_0_34,1484.0
U_915,M_120,524.86
U_166,M_53,537.79
U_943,FRAUD_ACT_2_47,1623.12
U_152,M_131,116.13
U_194,M_30,598.77
U_292,FRAUD_ACT_2_2,459.26
U_553,FRAUD_ACT_2_7,1973.56
U_608,M_197,247.33
U_395,M_107,775.44
FRAUD_ACT_1_4,MULE_HUB_CRITICAL_1,4367.23
U_299,M_68,762.16
U_663,U_272,662.17
U_808,FRAUD_ACT_0_12,1646.37
U_461,M_44,490.38
U_907,FRAUD_ACT_1_30,1425.57
U_54,FRAUD_ACT_2_44,1333.03
U_637,FRAUD_ACT_0_46,1911.61
U_92,FRAUD_ACT_0_14,914.41
U_712,M_108,500.48
U_835,U_743,572.13
U_662,U_365,690.4
U_763,U_355,785.99
U_538,FRAUD_ACT_2_46,1450.12
U_296,M_187,463.01
U_168,FRAUD_ACT_2_24,792.6
U_980,M_141,700.44
U_330,M_194,285.03
U_863,M_37,49.55
U_422,FRAUD_ACT_2_4,1807.42
U_513,M_15,502.5
FRAUD_ACT_2_37,MULE_HUB_CRITICAL_2,12687.26
U_314,M_198,565.87
U_199,FRAUD_ACT_2_39,1336.4
U_508,M_161,400.7
U_546,U_403,475.55
U_684,U_648,433.66
U_686,M_85,360.07
FRAUD_ACT_2_36,MULE_HUB_CRITICAL_2,5632.87
U_70,M_72,619.95
U_837,U_524,587.7
U_756,M_129,268.37
U_596,FRAUD_ACT_0_33,1431.68
U_920,M_10,719.65
FRAUD_ACT_2_22,MULE_HUB_CRITICAL_2,5694.58
U_378,FRAUD_ACT_1_42,1859.06
U_249,M_37,309.95
U_25,U_946,269.09
U_328,M_168,773.89
U_518,M_47,706.93
U_721,M_151,505.43
U_179,M_45,747.47
U_880,M_45,794.31
U_7,M_187,193.22
FRAUD_ACT_0_16,MULE_HUB_CRITICAL_0,5101.85
U_929,FRAUD_ACT_0_33,646.97
U_473,M_189,717.22
U_957,M_55,164.71
U_854,FRAUD_ACT_0_42,502.93
U_562,M_0,564.17
U_154,FRAUD_ACT_0_9,1543.58
U_110,FRAUD_ACT_2_25,1052.44
U_113,M_127,479.41
SHELL_CORP_0,OFFSHORE_CAYMAN_0,197586.18
U_249,M_198,369.78
U_959,FRAUD_ACT_0_8,1348.27
U_757,M_118,297.78
U_638,FRAUD_ACT_2_37,583.65
U_138,M_186,518.48
U_427,FRAUD_ACT_1_15,1800.45
FRAUD_ACT_2_13,MULE_HUB_CRITICAL_2,8867.72
U_830,M_188,544.33
U_392,M_198,331.57
U_730,M_29,8.27
U_555,M_48,455.53
U_241,FRAUD_ACT_0_33,1311.82
U_604,M_189,740.61
U_5,FRAUD_ACT_1_36,1015.66
U_356,M_142,192.33
U_591,M_172,655.61
FRAUD_ACT_1_13,MULE_HUB_CRITICAL_1,10092.47
U_633,FRAUD_ACT_1_49,1175.3
U_5,FRAUD_ACT_2_23,905.35
U_779,M_31,375.39
U_407,M_71,203.44
U_914,M_135,31.01
U_472,M_191,197.23
U_641,M_112,66.6
U_555,U_668,115.17
U_440,M_30,309.99
U_178,M_72,287.31
U_510,FRAUD_ACT_1_24,1518.59
U_200,FRAUD_ACT_2_40,238.69
U_772,M_62,558.02
U_627,M_40,17.43
FRAUD_ACT_1_34,MULE_HUB_CRITICAL_1,12986.75
U_330,M_22,226.75
U_177,M_32,87.33
U_775,M_170,661.35
FRAUD_ACT_0_31,MULE_HUB_CRITICAL_0,8175.7
U_288,M_124,332.54
U_435,M_140,267.98
U_676,FRAUD_ACT_1_4,1496.56
U_924,M_58,487.62
U_201,M_67,538.21
U_75,M_115,34.9
U_682,M_103,559.28
U_778,M_72,784.51
U_393,M_109,255.03
U_669,FRAUD_ACT_0_49,477.44
U_556,M_187,377.37
U_821,U_670,469.42
U_393,M_47,342.69
U_927,M_187,268.55
U_465,FRAUD_ACT_2_36,1776.99
U_863,M_80,570.94
U_837,M_27,264.07
U_898,FRAUD_ACT_1_21,1202.64
U_716,M_100,461.84
U_781,M_174,516.31
U_305,M_22,43.98
U_124,FRAUD_ACT_0_44,909.51
U_242,M_36,788.63
U_228,U_104,542.98
U_420,FRAUD_ACT_0_26,1626.76
U_770,M_101,743.46
U_89,M_11,86.97
U_897,M_65,155.27
U_911,FRAUD_ACT_2_27,1725.85
U_8,FRAUD_ACT_1_31,1688.61
U_395,M_97,409.29
U_982,M_192,597.29
U_382,M_11,718.02
U_673,FRAUD_ACT_2_34,1420.94
U_317,M_36,616.74
U_912,M_97,82.39
U_509,M_184,378.24
U_931,U_940,81.57
U_557,M_96,524.67
U_553,M_190,582.65
U_484,M_57,244.09
U_571,M_193,281.12
U_38,M_39,115.03
U_252,M_21,218.04
U_544,M_30,79.09
U_296,M_45,445.81
U_243,U_402,459.56
FRAUD_ACT_2_11,MULE_HUB_CRITICAL_2,10622.04
U_336,FRAUD_ACT_2_12,228.57
U_823,U_148,379.98
U_7,M_48,332.33
U_278,M_125,154.29
U_323,FRAUD_ACT_0_39,1526.36
U_585,M_140,322.36
U_679,FRAUD_ACT_0_6,1171.91
U_971,M_38,276.72
U_410,M_61,498.6
U_429,M_95,295.24
U_6,FRAUD_ACT_2_38,853.07
U_828,FRAUD_ACT_2_41,870.23
U_326,M_180,644.18
U_921,M_22,181.69
U_824,U_359,428.16
FRAUD_ACT_2_14,MULE_HUB_CRITICAL_2,11066.95
U_337,M_134,171.83
U_674,FRAUD_ACT_2_0,1885.13
FRAUD_ACT_2_20,MULE_HUB_CRITICAL_2,9395.3
U_27,FRAUD_ACT_2_3,1483.94
U_950,M_45,312.93
U_676,M_163,137.99
U_677,M_146,442.38
U_125,FRAUD_ACT_1_45,1185.57
U_583,M_117,118.86
U_516,M_140,227.38
U_813,M_77,735.21
U_45,FRAUD_ACT_2_32,308.88
U_528,FRAUD_ACT_1_38,1248.26
U_918,M_167,514.07
U_933,M_12,235.44
U_114,U_904,554.36
U_843,M_101,510.15
U_385,M_44,370.43
U_120,M_7,271.33
U_706,M_24,478.21
U_166,M_31,736.75
U_882,M_167,570.32
U_966,U_889,603.47
U_241,U_262,161.83
U_12,M_120,294.36
U_639,M_160,256.33
U_198,FRAUD_ACT_2_31,1827.87
U_799,M_174,12.07
U_666,FRAUD_ACT_2_14,339.54
U_307,U_827,463.15
U_279,FRAUD_ACT_2_9,1276.16
U_905,M_96,284.23
U_903,M_64,262.64
U_308,FRAUD_ACT_2_28,1299.33
U_502,M_154,411.69
U_904,FRAUD_ACT_2_21,1017.07
U_746,FRAUD_ACT_0_24,1664.17
U_384,M_162,636.71
U_271,U_71,395.92
U_868,FRAUD_ACT_1_25,563.4
U_905,U_316,321.54
U_199,M_143,406.82
U_895,M_160,23.04
U_548,M_176,152.19
U_14,FRAUD_ACT_0_30,1493.45
U_584,FRAUD_ACT_0_14,1522.06
U_332,FRAUD_ACT_0_46,1905.35
U_91,M_151,710.1
U_122,U_764,347.37
U_304,FRAUD_ACT_1_5,765.1
U_658,M_32,537.74
U_34,M_145,389.2
U_744,M_165,652.95
U_239,FRAUD_ACT_2_6,1844.72
U_611,M_47,163.11
U_25,M_13,537.85
U_403,U_344,70.62
U_385,FRAUD_ACT_2_15,1689.44
U_411,FRAUD_ACT_0_4,1648.29
U_616,M_191,412.27
U_124,M_173,770.68
U_959,FRAUD_ACT_1_44,1809.66
U_869,M_104,391.08
U_273,FRAUD_ACT_0_10,1682.68
U_261,U_477,569.2
U_292,M_125,164.14
U_132,M_180,187.94
U_270,FRAUD_ACT_0_39,1130.55
U_439,M_180,175.76
U_693,FRAUD_ACT_0_44,369.75
U_89,M_30,621.63
U_928,M_103,20.2
U_318,M_141,368.11
U_629,U_802,727.46
U_997,FRAUD_ACT_2_27,309.24
FRAUD_ACT_1_6,MULE_HUB_CRITICAL_1,11964.35
U_138,M_134,704.07
U_420,M_149,657.26
U_246,M_47,533.18
U_856,M_31,743.9
U_928,FRAUD_ACT_1_2,1642.78
U_68,U_569,320.9
U_310,M_24,609.34
U_221,M_70,581.05
U_678,U_658,345.75
U_984,M_160,148.65
FRAUD_ACT_2_28,MULE_HUB_CRITICAL_2,7577.47
U_452,FRAUD_ACT_1_24,1571.54
U_512,M_88,47.69
U_630,M_134,200.77
U_911,M_52,525.4
U_956,FRAUD_ACT_2_1,241.87
U_126,M_61,301.11
U_6,M_140,226.1
U_219,M_181,382.4
U_357,FRAUD_ACT_0_42,368.44
U_161,M_184,701.3
U_550,M_165,744.9
U_160,FRAUD_ACT_1_42,1899.33
U_523,M_146,128.0
U_561,M_178,433.73
U_754,FRAUD_ACT_0_23,943.33
U_707,U_220,651.99
U_46,FRAUD_ACT_2_1,1084.65
U_932,FRAUD_ACT_2_36,275.95
FRAUD_ACT_0_6,MULE_HUB_CRITICAL_0,8438.74
U_331,U_791,326.32
U_208,FRAUD_ACT_0_10,1722.74
U_664,FRAUD_ACT_1_10,461.28
U_337,M_185,460.44
U_527,FRAUD_ACT_1_22,1287.72
U_282,M_101,605.2
U_726,FRAUD_ACT_0_35,1546.84
U_847,FRAUD_ACT_0_11,758.97
U_804,M_178,335.98
U_899,M_7,755.59
U_662,M_5,198.72
U_456,M_22,176.48
U_212,M_169,385.3
U_53,FRAUD_ACT_2_21,1736.95
U_332,U_217,287.09
U_54,U_815,123.63
U_614,M_24,25.46
FRAUD_ACT_2_23,MULE_HUB_CRITICAL_2,14883.18
FRAUD_ACT_0_7,MULE_HUB_CRITICAL_0,12886.9
U_121,FRAUD_ACT_1_42,1282.88
U_856,U_706,97.05
U_531,M_21,583.03
U_100,M_130,598.75
MULE_HUB_CRITICAL_0,SHELL_CORP_0,64416.72
U_234,M_80,323.93
U_382,M_4,288.89
U_74,M_81,422.69
U_46,FRAUD_ACT_1_3,1124.15
U_171,M_22,658.22
U_815,M_139,239.51
FRAUD_ACT_1_21,MULE_HUB_CRITICAL_1,13755.81
U_467,FRAUD_ACT_2_41,632.27
U_539,U_174,52.79
FRAUD_ACT_1_14,MULE_HUB_CRITICAL_1,9639.07
U_360,M_158,142.16
U_403,M_182,309.32
U_343,U_974,602.15
U_416,FRAUD_ACT_0_22,1620.77
U_939,M_19,580.25
U_879,M_33,434.47
U_879,M_137,161.16
U_206,U_204,709.2
U_967,FRAUD_ACT_0_28,1702.42
U_776,M_53,260.1
U_92,M_19,580.23
U_467,M_93,661.12
U_704,M_104,293.0
U_508,M_133,416.19
